[
    {
        "colname": "spid",
        "solrname": "spid",
        "solrtype": "int"
    },
    {
        "colname": "Catalog Number",
        "solrname": "catalogNumber",
        "solrtype": "string",
        "title": "Catalog Number",
        "type": "java.lang.String",
        "width": 32,
        "concept": "Catalog Number",
        "sptable": "collectionobject",
        "sptabletitle": "Collection Object",
        "spfld": "catalogNumber",
        "spfldtitle": "catalogNumber",
        "colidx": 0,
        "linkify": "true",
        "advancedsearch": "true",
        "displaycolidx": 0
    },
    {
        "colname": "Determination",
        "solrname": "fullName",
        "solrtype": "string",
        "title": "Determination",
        "type": "java.lang.String",
        "width": 512,
        "concept": "Determination",
        "sptable": "taxon",
        "sptabletitle": "Taxon",
        "spfld": "fullName",
        "spfldtitle": "fullName",
        "colidx": 1,
        "linkify": "true",
        "advancedsearch": "true",
        "displaycolidx": 1
    },
    {
        "colname": "Preparations",
        "solrname": "preparations",
        "solrtype": "string",
        "title": "Preparations",
        "type": "java.lang.String",
        "width": 500,
        "concept": "Preparations",
        "sptable": "preparation",
        "sptabletitle": "Preparation",
        "spfld": "preparations",
        "spfldtitle": "preparations",
        "colidx": 2,
        "linkify": "true",
        "advancedsearch": "true",
        "displaycolidx": 2
    },
    {
        "colname": "Properties",
        "solrname": "collectionObjectProperties",
        "solrtype": "string",
        "title": "Properties",
        "type": "java.lang.String",
        "width": 500,
        "concept": "Properties",
        "sptable": "collectionobjectproperty",
        "sptabletitle": "Collection Object Property",
        "spfld": "collectionObjectProperties",
        "spfldtitle": "collectionObjectProperties",
        "colidx": 3,
        "linkify": "true",
        "advancedsearch": "true",
        "displaycolidx": 3
    },
    {
        "colname": "Relationships",
        "solrname": "leftSideRels",
        "solrtype": "string",
        "title": "Relationships",
        "type": "java.lang.String",
        "width": 500,
        "concept": "Relationships",
        "sptable": "collectionrelationship",
        "sptabletitle": "Collection Relationship",
        "spfld": "leftSideRels",
        "spfldtitle": "leftSideRels",
        "colidx": 4,
        "linkify": "true",
        "advancedsearch": "true",
        "displaycolidx": 4
    },
    {
        "colname": "Locality",
        "solrname": "localityName",
        "solrtype": "string",
        "title": "Locality",
        "type": "java.lang.String",
        "width": 1024,
        "concept": "Locality",
        "sptable": "locality",
        "sptabletitle": "Locality",
        "spfld": "localityName",
        "spfldtitle": "localityName",
        "colidx": 5,
        "linkify": "true",
        "advancedsearch": "true",
        "displaycolidx": 5
    },
    {
        "colname": "Collection Object/Remarks",
        "solrname": "remarks",
        "solrtype": "string",
        "title": "Collection Object/Remarks",
        "type": "text",
        "width": 4096,
        "concept": "Collection Object/Remarks",
        "sptable": "collectionobject",
        "sptabletitle": "Collection Object",
        "spfld": "remarks",
        "spfldtitle": "remarks",
        "colidx": 6,
        "linkify": "true",
        "advancedsearch": "true",
        "displaycolidx": 6
    },
    {
        "colname": "Collected on",
        "solrname": "startDate",
        "solrtype": "string",
        "title": "Collected on",
        "type": "java.util.Calendar",
        "width": -1,
        "concept": "Collected on",
        "sptable": "collectingevent",
        "sptabletitle": "Collecting Event",
        "spfld": "startDate",
        "spfldtitle": "startDate",
        "colidx": 7,
        "linkify": "false",
        "advancedsearch": "true",
        "displaycolidx": 7
    },
    {
        "colname": "Collecting Event/Remarks",
        "solrname": "ce_remarks",
        "solrtype": "string",
        "title": "Collecting Event/Remarks",
        "type": "text",
        "width": 4096,
        "concept": "Collecting Event/Remarks",
        "sptable": "collectingevent",
        "sptabletitle": "Collecting Event",
        "spfld": "remarks",
        "spfldtitle": "remarks",
        "colidx": 8,
        "linkify": "true",
        "advancedsearch": "true",
        "displaycolidx": 8
    },
    {
        "colname": "Geography/Level 1",
        "solrname": "Continent",
        "solrtype": "string",
        "title": "Geography/Level 1",
        "type": "java.lang.String",
        "width": 128,
        "concept": "Geography/Level 1",
        "sptable": "geography",
        "sptabletitle": "Geography",
        "spfld": "Continent",
        "spfldtitle": "Continent",
        "treeid": "geography",
        "treerank": 100,
        "colidx": 10,
        "linkify": "true",
        "advancedsearch": "true",
        "displaycolidx": 10
    },
    {
        "colname": "Geography/Level 2",
        "solrname": "Country",
        "solrtype": "string",
        "title": "Geography/Level 2",
        "type": "java.lang.String",
        "width": 128,
        "concept": "Geography/Level 2",
        "sptable": "geography",
        "sptabletitle": "Geography",
        "spfld": "Country",
        "spfldtitle": "Country",
        "treeid": "geography",
        "treerank": 200,
        "colidx": 11,
        "linkify": "true",
        "advancedsearch": "true",
        "displaycolidx": 11
    },
    {
        "colname": "Geography/Level 3",
        "solrname": "State",
        "solrtype": "string",
        "title": "Geography/Level 3",
        "type": "java.lang.String",
        "width": 128,
        "concept": "Geography/Level 3",
        "sptable": "geography",
        "sptabletitle": "Geography",
        "spfld": "State",
        "spfldtitle": "State",
        "treeid": "geography",
        "treerank": 300,
        "colidx": 12,
        "linkify": "true",
        "advancedsearch": "true",
        "displaycolidx": 12
    },
    {
        "colname": "Geography/Level 4",
        "solrname": "County",
        "solrtype": "string",
        "title": "Geography/Level 4",
        "type": "java.lang.String",
        "width": 128,
        "concept": "Geography/Level 4",
        "sptable": "geography",
        "sptabletitle": "Geography",
        "spfld": "County",
        "spfldtitle": "County",
        "treeid": "geography",
        "treerank": 400,
        "colidx": 13,
        "linkify": "true",
        "advancedsearch": "true",
        "displaycolidx": 13
    },
    {
        "colname": "GPS: Latitude",
        "solrname": "latitude1",
        "solrtype": "pdouble",
        "title": "GPS: Latitude",
        "type": "java.math.BigDecimal",
        "width": -1,
        "concept": "GPS: Latitude",
        "sptable": "locality",
        "sptabletitle": "Locality",
        "spfld": "latitude1",
        "spfldtitle": "latitude1",
        "colidx": 14,
        "linkify": "false",
        "advancedsearch": "true",
        "displaycolidx": 14
    },
    {
        "colname": "GPS: Longitude",
        "solrname": "longitude1",
        "solrtype": "pdouble",
        "title": "GPS: Longitude",
        "type": "java.math.BigDecimal",
        "width": -1,
        "concept": "GPS: Longitude",
        "sptable": "locality",
        "sptabletitle": "Locality",
        "spfld": "longitude1",
        "spfldtitle": "longitude1",
        "colidx": 15,
        "linkify": "false",
        "advancedsearch": "true",
        "displaycolidx": 15
    },
    {
        "colname": "img",
        "solrname": "img",
        "solrtype": "string",
        "title": "image"
    }
]