[
{"colname":"spid", "solrname":"spid", "solrtype":"int"},
{"colname":"Catalog Number", "solrname":"catalogNumber", "solrtype":"pint", "title":"Catalog Number", "type":"java.lang.String", "width":32, "concept":"Catalog Number", "sptable":"collectionobject", "sptabletitle":"Collection Object", "spfld":"catalogNumber", "spfldtitle":"catalogNumber", "colidx":0, "linkify":"false", "advancedsearch":"true", "displaycolidx":0},
{"colname":"Family", "solrname":"Family", "solrtype":"string", "title":"Family", "type":"java.lang.String", "width":256, "concept":"Family", "sptable":"taxon", "sptabletitle":"Taxon", "spfld":"Family", "spfldtitle":"Family", "treeid":"taxon", "treerank":140, "colidx":1, "linkify":"true", "advancedsearch":"true", "displaycolidx":1},
{"colname":"Genus", "solrname":"Genus", "solrtype":"string", "title":"Genus", "type":"java.lang.String", "width":256, "concept":"Genus", "sptable":"taxon", "sptabletitle":"Taxon", "spfld":"Genus", "spfldtitle":"Genus", "treeid":"taxon", "treerank":180, "colidx":2, "linkify":"true", "advancedsearch":"true", "displaycolidx":2},
{"colname":"Species", "solrname":"Species", "solrtype":"string", "title":"Species", "type":"java.lang.String", "width":256, "concept":"Species", "sptable":"taxon", "sptabletitle":"Taxon", "spfld":"Species", "spfldtitle":"Species", "treeid":"taxon", "treerank":220, "colidx":3, "linkify":"true", "advancedsearch":"true", "displaycolidx":3},
{"colname":"Date", "solrname":"startDate", "solrtype":"string", "title":"Date", "type":"java.util.Calendar", "width":-1, "concept":"Date", "sptable":"collectingevent", "sptabletitle":"Collecting Information", "spfld":"startDate", "spfldtitle":"startDate", "colidx":4, "linkify":"false", "advancedsearch":"true", "displaycolidx":4},
{"colname":"Date (Month)", "solrname":"ce_startDate", "solrtype":"pint", "title":"Date (Month)", "type":"java.util.Calendar", "width":-1, "concept":"Date (Month)", "sptable":"collectingevent", "sptabletitle":"Collecting Information", "spfld":"startDate", "spfldtitle":"startDate", "colidx":5, "linkify":"false", "advancedsearch":"true", "displaycolidx":5},
{"colname":"Date (Day)", "solrname":"ce_startDate1", "solrtype":"pint", "title":"Date (Day)", "type":"java.util.Calendar", "width":-1, "concept":"Date (Day)", "sptable":"collectingevent", "sptabletitle":"Collecting Information", "spfld":"startDate", "spfldtitle":"startDate", "colidx":6, "linkify":"false", "advancedsearch":"true", "displaycolidx":6},
{"colname":"Date (Year)", "solrname":"ce_startDate2", "solrtype":"pint", "title":"Date (Year)", "type":"java.util.Calendar", "width":-1, "concept":"Date (Year)", "sptable":"collectingevent", "sptabletitle":"Collecting Information", "spfld":"startDate", "spfldtitle":"startDate", "colidx":7, "linkify":"false", "advancedsearch":"true", "displaycolidx":7},
{"colname":"Sex", "solrname":"notifications", "solrtype":"string", "title":"Sex", "type":"java.lang.String", "width":32, "concept":"Sex", "sptable":"collectionobject", "sptabletitle":"Collection Object", "spfld":"notifications", "spfldtitle":"notifications", "colidx":8, "linkify":"true", "advancedsearch":"true", "displaycolidx":8},
{"colname":"Age", "solrname":"projectNumber", "solrtype":"string", "title":"Age", "type":"java.lang.String", "width":64, "concept":"Age", "sptable":"collectionobject", "sptabletitle":"Collection Object", "spfld":"projectNumber", "spfldtitle":"projectNumber", "colidx":9, "linkify":"true", "advancedsearch":"true", "displaycolidx":9},
{"colname":"Continent", "solrname":"Continent", "solrtype":"string", "title":"Continent", "type":"java.lang.String", "width":128, "concept":"Continent", "sptable":"geography", "sptabletitle":"Geography", "spfld":"Continent", "spfldtitle":"Continent", "treeid":"geography", "treerank":100, "colidx":10, "linkify":"true", "advancedsearch":"true", "displaycolidx":10},
{"colname":"Country", "solrname":"Country", "solrtype":"string", "title":"Country", "type":"java.lang.String", "width":128, "concept":"Country", "sptable":"geography", "sptabletitle":"Geography", "spfld":"Country", "spfldtitle":"Country", "treeid":"geography", "treerank":200, "colidx":11, "linkify":"true", "advancedsearch":"true", "displaycolidx":11},
{"colname":"State", "solrname":"State", "solrtype":"string", "title":"State", "type":"java.lang.String", "width":128, "concept":"State", "sptable":"geography", "sptabletitle":"Geography", "spfld":"State", "spfldtitle":"State", "treeid":"geography", "treerank":300, "colidx":12, "linkify":"true", "advancedsearch":"true", "displaycolidx":12},
{"colname":"County", "solrname":"County", "solrtype":"string", "title":"County", "type":"java.lang.String", "width":128, "concept":"County", "sptable":"geography", "sptabletitle":"Geography", "spfld":"County", "spfldtitle":"County", "treeid":"geography", "treerank":400, "colidx":13, "linkify":"true", "advancedsearch":"true", "displaycolidx":13},
{"colname":"Locality", "solrname":"localityName", "solrtype":"string", "title":"Locality", "type":"java.lang.String", "width":1024, "concept":"Locality", "sptable":"locality", "sptabletitle":"Locality", "spfld":"localityName", "spfldtitle":"localityName", "colidx":14, "linkify":"true", "advancedsearch":"true", "displaycolidx":14},
{"colname":"Latitude", "solrname":"latitude1", "solrtype":"pdouble", "title":"Latitude", "type":"java.math.BigDecimal", "width":-1, "concept":"Latitude", "sptable":"locality", "sptabletitle":"Locality", "spfld":"latitude1", "spfldtitle":"latitude1", "colidx":15, "linkify":"false", "advancedsearch":"true", "displaycolidx":15},
{"colname":"Longitude", "solrname":"longitude1", "solrtype":"pdouble", "title":"Longitude", "type":"java.math.BigDecimal", "width":-1, "concept":"Longitude", "sptable":"locality", "sptabletitle":"Locality", "spfld":"longitude1", "spfldtitle":"longitude1", "colidx":16, "linkify":"false", "advancedsearch":"true", "displaycolidx":16},
{"colname":"Elevation", "solrname":"verbatimElevation", "solrtype":"string", "title":"Elevation", "type":"java.lang.String", "width":50, "concept":"Elevation", "sptable":"locality", "sptabletitle":"Locality", "spfld":"verbatimElevation", "spfldtitle":"verbatimElevation", "colidx":17, "linkify":"true", "advancedsearch":"true", "displaycolidx":17},
{"colname":"Elevation Unit", "solrname":"originalElevationUnit", "solrtype":"string", "title":"Elevation Unit", "type":"java.lang.String", "width":50, "concept":"Elevation Unit", "sptable":"locality", "sptabletitle":"Locality", "spfld":"originalElevationUnit", "spfldtitle":"originalElevationUnit", "colidx":18, "linkify":"true", "advancedsearch":"true", "displaycolidx":18},
{"colname":"Tissue No", "solrname":"text2", "solrtype":"string", "title":"Tissue No", "type":"text", "width":65535, "concept":"Tissue No", "sptable":"collectionobject", "sptabletitle":"Collection Object", "spfld":"text2", "spfldtitle":"text2", "colidx":19, "linkify":"true", "advancedsearch":"true", "displaycolidx":19},
{"colname":"Misc No", "solrname":"text1", "solrtype":"string", "title":"Misc No", "type":"text", "width":65535, "concept":"Misc No", "sptable":"collectionobject", "sptabletitle":"Collection Object", "spfld":"text1", "spfldtitle":"text1", "colidx":20, "linkify":"true", "advancedsearch":"true", "displaycolidx":20},
{"colname":"Preparations", "solrname":"preparations", "solrtype":"string", "title":"Preparations", "type":"java.lang.String", "width":500, "concept":"Preparations", "sptable":"preparation", "sptabletitle":"Preparation", "spfld":"preparations", "spfldtitle":"preparations", "colidx":21, "linkify":"true", "advancedsearch":"true", "displaycolidx":21},
{"colname":"Weight", "solrname":"text11", "solrtype":"string", "title":"Weight", "type":"java.lang.String", "width":50, "concept":"Weight", "sptable":"collectionobjectattribute", "sptabletitle":"Collection Object Attribute", "spfld":"text11", "spfldtitle":"text11", "colidx":22, "linkify":"true", "advancedsearch":"true", "displaycolidx":22},
{"colname":"Skull", "solrname":"text8", "solrtype":"string", "title":"Skull", "type":"java.lang.String", "width":50, "concept":"Skull", "sptable":"collectionobjectattribute", "sptabletitle":"Collection Object Attribute", "spfld":"text8", "spfldtitle":"text8", "colidx":23, "linkify":"true", "advancedsearch":"true", "displaycolidx":23},
{"colname":"Gonads", "solrname":"text6", "solrtype":"string", "title":"Gonads", "type":"java.lang.String", "width":100, "concept":"Gonads", "sptable":"collectionobjectattribute", "sptabletitle":"Collection Object Attribute", "spfld":"text6", "spfldtitle":"text6", "colidx":24, "linkify":"true", "advancedsearch":"true", "displaycolidx":24},
{"colname":"Fat", "solrname":"text15", "solrtype":"string", "title":"Fat", "type":"java.lang.String", "width":64, "concept":"Fat", "sptable":"collectionobjectattribute", "sptabletitle":"Collection Object Attribute", "spfld":"text15", "spfldtitle":"text15", "colidx":25, "linkify":"true", "advancedsearch":"true", "displaycolidx":25},
{"colname":"Stomach Contents", "solrname":"text16", "solrtype":"string", "title":"Stomach Contents", "type":"text", "width":65535, "concept":"Stomach Contents", "sptable":"collectionobjectattribute", "sptabletitle":"Collection Object Attribute", "spfld":"text16", "spfldtitle":"text16", "colidx":26, "linkify":"true", "advancedsearch":"true", "displaycolidx":26},
{"colname":"Plumage/Molt", "solrname":"text17", "solrtype":"string", "title":"Plumage/Molt", "type":"text", "width":65535, "concept":"Plumage/Molt", "sptable":"collectionobjectattribute", "sptabletitle":"Collection Object Attribute", "spfld":"text17", "spfldtitle":"text17", "colidx":27, "linkify":"true", "advancedsearch":"true", "displaycolidx":27},
{"colname":"Soft Part Colors", "solrname":"text18", "solrtype":"string", "title":"Soft Part Colors", "type":"text", "width":65535, "concept":"Soft Part Colors", "sptable":"collectionobjectattribute", "sptabletitle":"Collection Object Attribute", "spfld":"text18", "spfldtitle":"text18", "colidx":28, "linkify":"true", "advancedsearch":"true", "displaycolidx":28},
{"colname":"Specimen Remarks", "solrname":"remarks", "solrtype":"string", "title":"Specimen Remarks", "type":"text", "width":4096, "concept":"Specimen Remarks", "sptable":"collectionobjectattribute", "sptabletitle":"Collection Object Attribute", "spfld":"remarks", "spfldtitle":"remarks", "colidx":29, "linkify":"true", "advancedsearch":"true", "displaycolidx":29},
{"colname":"Habitat", "solrname":"coas_text2", "solrtype":"string", "title":"Habitat", "type":"text", "width":65535, "concept":"Habitat", "sptable":"collectionobjectattribute", "sptabletitle":"Collection Object Attribute", "spfld":"text2", "spfldtitle":"text2", "colidx":30, "linkify":"true", "advancedsearch":"true", "displaycolidx":30},
{"colname":"Parasite", "solrname":"text19", "solrtype":"string", "title":"Parasite", "type":"text", "width":65535, "concept":"Parasite", "sptable":"collectionobjectattribute", "sptabletitle":"Collection Object Attribute", "spfld":"text19", "spfldtitle":"text19", "colidx":31, "linkify":"true", "advancedsearch":"true", "displaycolidx":31},
{"colname":"img", "solrname":"img", "solrtype":"string", "title":"image"}
]
