<!-- solr field definitions for fish-portal-2024-11-13 web portal -->
<!-- Paste the contents of this file into the solr/conf/schema.xml file. -->
<field name="Continent" type="string" indexed="true" stored="true" required="false"/>
<field name="Country" type="string" indexed="true" stored="true" required="false"/>
<field name="County" type="string" indexed="true" stored="true" required="false"/>
<field name="Family" type="string" indexed="true" stored="true" required="false"/>
<field name="Genus" type="string" indexed="true" stored="true" required="false"/>
<field name="Species" type="string" indexed="true" stored="true" required="false"/>
<field name="State" type="string" indexed="true" stored="true" required="false"/>
<field name="catalogNumber" type="pint" indexed="true" stored="true" required="false"/>
<field name="commonName" type="string" indexed="true" stored="true" required="false"/>
<field name="contents" type="text_general" indexed="true" stored="false" required="true"/>
<field name="drainage" type="string" indexed="true" stored="true" required="false"/>
<field name="fullName" type="string" indexed="true" stored="true" required="false"/>
<field name="geoc" type="string" indexed="true" stored="true" required="false"/>
<field name="img" type="string" indexed="true" stored="true" required="false"/>
<field name="latitude1" type="pdouble" indexed="true" stored="true" required="false"/>
<field name="longitude1" type="pdouble" indexed="true" stored="true" required="false"/>
<field name="preparations" type="string" indexed="true" stored="true" required="false"/>
<field name="spid" type="string" indexed="true" stored="true" required="true"/>
<field name="startDate" type="string" indexed="true" stored="true" required="false"/>
<field name="stationFieldNumber" type="string" indexed="true" stored="true" required="false"/>
<field name="text1" type="string" indexed="true" stored="true" required="false"/>
<field name="text11" type="string" indexed="true" stored="true" required="false"/>
<field name="typeStatusName" type="string" indexed="true" stored="true" required="false"/>
