<!-- solr field definitions for Specify Web Portal web portal -->
<!-- Paste the contents of this file into the solr/conf/schema.xml file. -->
<field name="Continent" type="string" indexed="true" stored="true" required="false"/>
<field name="Country" type="string" indexed="true" stored="true" required="false"/>
<field name="County" type="string" indexed="true" stored="true" required="false"/>
<field name="Family" type="string" indexed="true" stored="true" required="false"/>
<field name="Genus" type="string" indexed="true" stored="true" required="false"/>
<field name="Species" type="string" indexed="true" stored="true" required="false"/>
<field name="State" type="string" indexed="true" stored="true" required="false"/>
<field name="catalogNumber" type="pint" indexed="true" stored="true" required="false"/>
<field name="coas_text2" type="string" indexed="true" stored="true" required="false"/>
<field name="contents" type="text_general" indexed="true" stored="false" required="true"/>
<field name="geoc" type="string" indexed="true" stored="true" required="false"/>
<field name="img" type="string" indexed="true" stored="true" required="false"/>
<field name="latitude1" type="pdouble" indexed="true" stored="true" required="false"/>
<field name="localityName" type="string" indexed="true" stored="true" required="false"/>
<field name="longitude1" type="pdouble" indexed="true" stored="true" required="false"/>
<field name="notifications" type="string" indexed="true" stored="true" required="false"/>
<field name="originalElevationUnit" type="string" indexed="true" stored="true" required="false"/>
<field name="preparations" type="string" indexed="true" stored="true" required="false"/>
<field name="projectNumber" type="string" indexed="true" stored="true" required="false"/>
<field name="remarks" type="string" indexed="true" stored="true" required="false"/>
<field name="spid" type="string" indexed="true" stored="true" required="true"/>
<field name="startDate" type="string" indexed="true" stored="true" required="false"/>
<field name="text1" type="string" indexed="true" stored="true" required="false"/>
<field name="text11" type="string" indexed="true" stored="true" required="false"/>
<field name="text15" type="string" indexed="true" stored="true" required="false"/>
<field name="text16" type="string" indexed="true" stored="true" required="false"/>
<field name="text17" type="string" indexed="true" stored="true" required="false"/>
<field name="text18" type="string" indexed="true" stored="true" required="false"/>
<field name="text19" type="string" indexed="true" stored="true" required="false"/>
<field name="text2" type="string" indexed="true" stored="true" required="false"/>
<field name="text6" type="string" indexed="true" stored="true" required="false"/>
<field name="text8" type="string" indexed="true" stored="true" required="false"/>
<field name="verbatimElevation" type="string" indexed="true" stored="true" required="false"/>
