<!-- solr field definitions for Specify Web Portal web portal -->
<!-- Paste the contents of this file into the solr/conf/schema.xml file. -->
<field name="Continent" type="string" indexed="true" stored="true" required="false"/>
<field name="Country" type="string" indexed="true" stored="true" required="false"/>
<field name="County" type="string" indexed="true" stored="true" required="false"/>
<field name="State" type="string" indexed="true" stored="true" required="false"/>
<field name="catalogNumber" type="string" indexed="true" stored="true" required="false"/>
<field name="ce_remarks" type="string" indexed="true" stored="true" required="false"/>
<field name="collectionObjectProperties" type="string" indexed="true" stored="true" required="false"/>
<field name="collectors" type="string" indexed="true" stored="true" required="false"/>
<field name="contents" type="text_general" indexed="true" stored="false" required="true"/>
<field name="fullName" type="string" indexed="true" stored="true" required="false"/>
<field name="geoc" type="string" indexed="true" stored="true" required="false"/>
<field name="img" type="string" indexed="true" stored="true" required="false"/>
<field name="latitude1" type="pdouble" indexed="true" stored="true" required="false"/>
<field name="leftSideRels" type="string" indexed="true" stored="true" required="false"/>
<field name="localityName" type="string" indexed="true" stored="true" required="false"/>
<field name="longitude1" type="pdouble" indexed="true" stored="true" required="false"/>
<field name="preparations" type="string" indexed="true" stored="true" required="false"/>
<field name="remarks" type="string" indexed="true" stored="true" required="false"/>
<field name="spid" type="string" indexed="true" stored="true" required="true"/>
<field name="startDate" type="string" indexed="true" stored="true" required="false"/>
