spid,contents,img,geoc,catalogNumber,isCurrent,Family,Genus,Species,Subspecies,commonName,typeStatusName,preparations,Continent,Country,State,County,fullName,drainage,latitude1,longitude1,agent,startDate,stationFieldNumber
e63818e9-29ed-4b1a-9c4f-7aa48181700e,"172482	1	Salmonidae	Salvelinus	namaycush	Siscowet	skeleton - 5; C&S - 5	N America	USA	Michigan	Marquette	USA, Michigan, Marquette	46.468173	-87.358568	P Eschmeyer	1954-04-20	Z172482	",,46.468173 -87.358568,172482,1,Salmonidae,Salvelinus,namaycush,,Siscowet,,skeleton - 5; C&S - 5,N America,USA,Michigan,Marquette,"USA, Michigan, Marquette",,46.468173,-87.358568,P Eschmeyer,1954-04-20,Z172482
770cc7ee-e1ae-44f8-93a5-9eeaa47de4fe,"172462	1	Salmonidae	Salvelinus	fontinalis	Whitefin	skeleton - 1; C&S - 1	N America	USA	Michigan	Crawford	USA, Michigan, Crawford	44.67044	-84.705386	Z172462	",,44.67044 -84.705386,172462,1,Salmonidae,Salvelinus,fontinalis,,Whitefin,,skeleton - 1; C&S - 1,N America,USA,Michigan,Crawford,"USA, Michigan, Crawford",,44.67044,-84.705386,,,Z172462
bbcb7415-9e02-4018-9da3-6610916ca3a8,"172463	1	Salmonidae	Salvelinus	namaycush	Siscowet	C&S - 1; skeleton - 1; EtOH - 12	N America	USA	Michigan	Marquette	USA, Michigan, Marquette	46.468173	-87.358568	Hatchery reared stock	1956-10-08	Z172463	",,46.468173 -87.358568,172463,1,Salmonidae,Salvelinus,namaycush,,Siscowet,,C&S - 1; skeleton - 1; EtOH - 12,N America,USA,Michigan,Marquette,"USA, Michigan, Marquette",,46.468173,-87.358568,Hatchery reared stock,1956-10-08,Z172463
998c8e83-a68f-4bc5-80e6-fda746c17387,"172464	1	Salmonidae	Salvelinus	namaycush	Siscowet	skeleton - 4	N America	USA	Michigan	Marquette	USA, Michigan, Marquette	46.5333330	87.3500000	1956-10-04	Z172464	",,46.5333330 87.3500000,172464,1,Salmonidae,Salvelinus,namaycush,,Siscowet,,skeleton - 4,N America,USA,Michigan,Marquette,"USA, Michigan, Marquette",,46.5333330,87.3500000,,1956-10-04,Z172464
731a1c77-b3cd-47ca-8173-526b4ddcd476,"172466	1	Salmonidae	Coregonus	artedi	Tullibee	EtOH - 1; C&S - 2	N America	USA	Michigan	Livingston	USA, Michigan, Livingston	42.431141	-83.911491	J Johnson	1955-11-07	Z172466	",,42.431141 -83.911491,172466,1,Salmonidae,Coregonus,artedi,,Tullibee,,EtOH - 1; C&S - 2,N America,USA,Michigan,Livingston,"USA, Michigan, Livingston",,42.431141,-83.911491,J Johnson,1955-11-07,Z172466
a4eb6793-e54a-4e43-ab7d-cd777bfa23b2,"172467	1	Salmonidae	Coregonus	artedi	Tullibee	C&S - 4	N America	USA	Michigan	Livingston	USA, Michigan, Livingston	42.431734	-83.911476	J Johnson	1955-10-31	Z172467	",,42.431734 -83.911476,172467,1,Salmonidae,Coregonus,artedi,,Tullibee,,C&S - 4,N America,USA,Michigan,Livingston,"USA, Michigan, Livingston",,42.431734,-83.911476,J Johnson,1955-10-31,Z172467
bcc70362-21e9-40e9-ba75-fcae3df45ffb,"172468	1	Salmonidae	Oncorhynchus	mykiss	Steelhead	skeleton - 1; C&S - 1	N America	USA	Michigan	Marquette	USA, Michigan, Marquette	46.468173	-87.358568	R Robertson	Z172468	",,46.468173 -87.358568,172468,1,Salmonidae,Oncorhynchus,mykiss,,Steelhead,,skeleton - 1; C&S - 1,N America,USA,Michigan,Marquette,"USA, Michigan, Marquette",,46.468173,-87.358568,R Robertson,,Z172468
957397a1-036e-4296-a11d-4271410c42f8,"172469	1	Salmonidae	Oncorhynchus	mykiss	Steelhead	skeleton - 1	N America	USA	Michigan	Muskegon	USA, Michigan, Muskegon	43.257704	-85.81028	CR Norden	1956-08-17	CRN56-6	",,43.257704 -85.81028,172469,1,Salmonidae,Oncorhynchus,mykiss,,Steelhead,,skeleton - 1,N America,USA,Michigan,Muskegon,"USA, Michigan, Muskegon",,43.257704,-85.81028,CR Norden,1956-08-17,CRN56-6
1f1c8469-88cd-4bb3-a5f8-35bd59f48ff6,"172470	1	Salmonidae	Salmo	trutta	skeleton - 1	N America	USA	Michigan	Otsego	USA, Michigan, Otsego	44.890754	-84.635927	CR Norden	1956-08-02	CRN56-4	",,44.890754 -84.635927,172470,1,Salmonidae,Salmo,trutta,,,,skeleton - 1,N America,USA,Michigan,Otsego,"USA, Michigan, Otsego",,44.890754,-84.635927,CR Norden,1956-08-02,CRN56-4
5f9d75e6-1c00-4bdb-9301-c27f279636ff,"172471	1	Salmonidae	Coregonus	artedi	Tullibee	skeleton - 1	N America	USA	Michigan	Kalkaska	USA, Michigan, Kalkaska	44.808752	-84.894938	CR Norden	1955-08-16	CRN55-4	",,44.808752 -84.894938,172471,1,Salmonidae,Coregonus,artedi,,Tullibee,,skeleton - 1,N America,USA,Michigan,Kalkaska,"USA, Michigan, Kalkaska",,44.808752,-84.894938,CR Norden,1955-08-16,CRN55-4
c0d3dd63-5bee-41f8-8266-39faebe5c6fc,"172472	1	Salmonidae	Coregonus	artedi	Tullibee	skeleton - 1	N America	USA	Michigan	Montmorency	USA, Michigan, Montmorency	45.122148	-83.973232	CR Norden et al	CRN55-10	",,45.122148 -83.973232,172472,1,Salmonidae,Coregonus,artedi,,Tullibee,,skeleton - 1,N America,USA,Michigan,Montmorency,"USA, Michigan, Montmorency",,45.122148,-83.973232,CR Norden et al,,CRN55-10
c91df920-cbd2-4632-b3ff-0c32d8b15ba7,"172473	1	Salmonidae	Coregonus	artedi	Tullibee	skeleton - 1	N America	USA	Michigan	Kalkaska	USA, Michigan, Kalkaska	44.817462	-84.896562	CR Norden	1955-08-16	CRN55-14	",,44.817462 -84.896562,172473,1,Salmonidae,Coregonus,artedi,,Tullibee,,skeleton - 1,N America,USA,Michigan,Kalkaska,"USA, Michigan, Kalkaska",,44.817462,-84.896562,CR Norden,1955-08-16,CRN55-14
9a3ea6a9-2974-4a19-901c-d781c8b0ad01,"172474	1	Salmonidae	Coregonus	artedi	Tullibee	skeleton - 1	N America	USA	Michigan	Cass	USA, Michigan, Cass	41.845732	-85.866637	CR Norden	1956-09-11	CRN56-18	",,41.845732 -85.866637,172474,1,Salmonidae,Coregonus,artedi,,Tullibee,,skeleton - 1,N America,USA,Michigan,Cass,"USA, Michigan, Cass",,41.845732,-85.866637,CR Norden,1956-09-11,CRN56-18
0a95576d-4464-4599-9b21-bc371af5640d,"172475	1	Salmonidae	Coregonus	zenithicus	Shortjaw cisco	skeleton - 2	N America	USA	Michigan	USA, Michigan	44.055122	-86.589592	'Cisco'	1955-08-18	Z172475	",,44.055122 -86.589592,172475,1,Salmonidae,Coregonus,zenithicus,,Shortjaw cisco,,skeleton - 2,N America,USA,Michigan,,"USA, Michigan",,44.055122,-86.589592,'Cisco',1955-08-18,Z172475
8b120909-dcce-4723-8b79-e8e47d4c050a,"172476	1	Salmonidae	Coregonus	reighardi	Shortnose cisco	skeleton - 4	N America	USA	Michigan	USA, Michigan	44.019636	-86.547595	MV 'Cisco', A Beeton	1955-08-18	Z172476	",,44.019636 -86.547595,172476,1,Salmonidae,Coregonus,reighardi,,Shortnose cisco,,skeleton - 4,N America,USA,Michigan,,"USA, Michigan",,44.019636,-86.547595,"MV 'Cisco', A Beeton",1955-08-18,Z172476
6dedd975-ef5f-4d1a-9a20-a9f67ae103b2,"172477	1	Salmonidae	Coregonus	kiyi	Kiyi	skeleton - 2; C&S - 2	N America	USA	Michigan	USA, Michigan	44.055122	-86.589592	MV 'Cisco', A Beeton	1955-08-10	Z172477	",,44.055122 -86.589592,172477,1,Salmonidae,Coregonus,kiyi,,Kiyi,,skeleton - 2; C&S - 2,N America,USA,Michigan,,"USA, Michigan",,44.055122,-86.589592,"MV 'Cisco', A Beeton",1955-08-10,Z172477
005d7c88-3ed0-484c-bf43-f0af379c1599,"172478	1	Osmeridae	Osmerus	mordax	C&S - 13	N America	USA	Michigan	USA, Michigan	47.201707	-87.324901	'Cisco' S Smith	1953-05-09	Z172478	",,47.201707 -87.324901,172478,1,Osmeridae,Osmerus,mordax,,,,C&S - 13,N America,USA,Michigan,,"USA, Michigan",,47.201707,-87.324901,'Cisco' S Smith,1953-05-09,Z172478
ca147692-389c-428d-b474-6b65c662dc2b,"172479	1	Salmonidae	Coregonus	hoyi	Bloater	skeleton - 3	N America	USA	Michigan	USA, Michigan	44.020984	-86.537298	A Beeton	1955-08-18	Z172479	",,44.020984 -86.537298,172479,1,Salmonidae,Coregonus,hoyi,,Bloater,,skeleton - 3,N America,USA,Michigan,,"USA, Michigan",,44.020984,-86.537298,A Beeton,1955-08-18,Z172479
2c5b5c86-6534-4933-9013-7554bd2def5e,"172480	1	Salmonidae	Coregonus	artedi	Tullibee	skeleton - 1	N America	USA	Michigan	USA, Michigan	'Cisco', A Beeton	1955-08-08	Z172480	",,,172480,1,Salmonidae,Coregonus,artedi,,Tullibee,,skeleton - 1,N America,USA,Michigan,,"USA, Michigan",,,,"'Cisco', A Beeton",1955-08-08,Z172480
0912c3d1-4752-4c00-8839-2c54d9cd9449,"172481	1	Salmonidae	Salvelinus	namaycush	Siscowet	EtOH - 11	N America	USA	Michigan	Marquette	USA, Michigan, Marquette	46.468173	-87.358568	P Eschmeyer	1954-02-09	Z172481	",,46.468173 -87.358568,172481,1,Salmonidae,Salvelinus,namaycush,,Siscowet,,EtOH - 11,N America,USA,Michigan,Marquette,"USA, Michigan, Marquette",,46.468173,-87.358568,P Eschmeyer,1954-02-09,Z172481
bc07c934-314d-47ba-9be0-23cd18d69290,"172483	1	Salmonidae	Salvelinus	namaycush	Siscowet	EtOH - 4; C&S - 4	N America	USA	Michigan	USA, Michigan	46.536235	-87.022243	P Eschmeyer	1952-08-27	Z172483	",,46.536235 -87.022243,172483,1,Salmonidae,Salvelinus,namaycush,,Siscowet,,EtOH - 4; C&S - 4,N America,USA,Michigan,,"USA, Michigan",,46.536235,-87.022243,P Eschmeyer,1952-08-27,Z172483
a9d90bc3-4b58-45b6-afad-bba2afe300e6,"172484	1	Salmonidae	Salvelinus	namaycush	Siscowet	EtOH - 1; C&S - 3	N America	USA	Michigan	USA, Michigan	47.201707	-87.324901	P Eschmeyer	1953-08-12	Z172484	",,47.201707 -87.324901,172484,1,Salmonidae,Salvelinus,namaycush,,Siscowet,,EtOH - 1; C&S - 3,N America,USA,Michigan,,"USA, Michigan",,47.201707,-87.324901,P Eschmeyer,1953-08-12,Z172484
2aa22af8-cef9-456c-82fd-4058de5aa4da,"172485	1	Salmonidae	Salvelinus	namaycush	Siscowet	EtOH - 6; C&S - 3	N America	USA	Michigan	USA, Michigan	46.536235	-87.022243	P Eschmeyer	1953-06-23	Z172485	",,46.536235 -87.022243,172485,1,Salmonidae,Salvelinus,namaycush,,Siscowet,,EtOH - 6; C&S - 3,N America,USA,Michigan,,"USA, Michigan",,46.536235,-87.022243,P Eschmeyer,1953-06-23,Z172485
b9fa5327-59a8-457c-b252-464a788d235f,"172486	1	Salmonidae	Salvelinus	namaycush	Siscowet	EtOH - 7; C&S - 3	N America	USA	Michigan	USA, Michigan	47.201707	-87.324901	P Eschmeyer	1953-09-14	Z172486	",,47.201707 -87.324901,172486,1,Salmonidae,Salvelinus,namaycush,,Siscowet,,EtOH - 7; C&S - 3,N America,USA,Michigan,,"USA, Michigan",,47.201707,-87.324901,P Eschmeyer,1953-09-14,Z172486
