[
{"colname":"spid", "solrname":"spid", "solrtype":"int"},
{"colname":"Catalog #", "solrname":"catalogNumber", "solrtype":"pint", "title":"Catalog #", "type":"java.lang.String", "width":32, "concept":"Catalog #", "sptable":"collectionobject", "sptabletitle":"Collection Object", "spfld":"catalogNumber", "spfldtitle":"catalogNumber", "colidx":0, "linkify":"false", "advancedsearch":"true", "displaycolidx":0},
{"colname":"Genus", "solrname":"Genus", "solrtype":"string", "title":"Genus", "type":"java.lang.String", "width":64, "concept":"Genus", "sptable":"taxon", "sptabletitle":"Taxon", "spfld":"Genus", "spfldtitle":"Genus", "treeid":"taxon", "treerank":180, "colidx":1, "linkify":"true", "advancedsearch":"true", "displaycolidx":1},
{"colname":"Species", "solrname":"Species", "solrtype":"string", "title":"Species", "type":"java.lang.String", "width":64, "concept":"Species", "sptable":"taxon", "sptabletitle":"Taxon", "spfld":"Species", "spfldtitle":"Species", "treeid":"taxon", "treerank":220, "colidx":2, "linkify":"true", "advancedsearch":"true", "displaycolidx":2},
{"colname":"Preparations", "solrname":"preparations", "solrtype":"string", "title":"Preparations", "type":"java.lang.String", "width":500, "concept":"Preparations", "sptable":"preparation", "sptabletitle":"Preparation", "spfld":"preparations", "spfldtitle":"preparations", "colidx":3, "linkify":"true", "advancedsearch":"true", "displaycolidx":3},
{"colname":"Continent", "solrname":"Continent", "solrtype":"string", "title":"Continent", "type":"java.lang.String", "width":128, "concept":"Continent", "sptable":"geography", "sptabletitle":"Geography", "spfld":"Continent", "spfldtitle":"Continent", "treeid":"geography", "treerank":100, "colidx":4, "linkify":"true", "advancedsearch":"true", "displaycolidx":4},
{"colname":"Country", "solrname":"Country", "solrtype":"string", "title":"Country", "type":"java.lang.String", "width":128, "concept":"Country", "sptable":"geography", "sptabletitle":"Geography", "spfld":"Country", "spfldtitle":"Country", "treeid":"geography", "treerank":200, "colidx":5, "linkify":"true", "advancedsearch":"true", "displaycolidx":5},
{"colname":"State", "solrname":"State", "solrtype":"string", "title":"State", "type":"java.lang.String", "width":128, "concept":"State", "sptable":"geography", "sptabletitle":"Geography", "spfld":"State", "spfldtitle":"State", "treeid":"geography", "treerank":300, "colidx":6, "linkify":"true", "advancedsearch":"true", "displaycolidx":6},
{"colname":"County", "solrname":"County", "solrtype":"string", "title":"County", "type":"java.lang.String", "width":128, "concept":"County", "sptable":"geography", "sptabletitle":"Geography", "spfld":"County", "spfldtitle":"County", "treeid":"geography", "treerank":400, "colidx":7, "linkify":"true", "advancedsearch":"true", "displaycolidx":7},
{"colname":"Locality", "solrname":"fullName", "solrtype":"string", "title":"Locality", "type":"java.lang.String", "width":500, "concept":"Locality", "sptable":"geography", "sptabletitle":"Geography", "spfld":"fullName", "spfldtitle":"fullName", "colidx":8, "linkify":"true", "advancedsearch":"true", "displaycolidx":8},
{"colname":"Drainage", "solrname":"drainage", "solrtype":"string", "title":"Drainage", "type":"java.lang.String", "width":64, "concept":"Drainage", "sptable":"localitydetail", "sptabletitle":"Locality Detail", "spfld":"drainage", "spfldtitle":"drainage", "colidx":9, "linkify":"true", "advancedsearch":"true", "displaycolidx":9},
{"colname":"Depth", "solrname":"text1", "solrtype":"string", "title":"Depth", "type":"text", "width":65535, "concept":"Depth", "sptable":"collectingeventattribute", "sptabletitle":"Collecting Event Attribute", "spfld":"text1", "spfldtitle":"text1", "colidx":10, "linkify":"true", "advancedsearch":"true", "displaycolidx":10},
{"colname":"Latitude", "solrname":"latitude1", "solrtype":"pdouble", "title":"Latitude", "type":"java.math.BigDecimal", "width":-1, "concept":"Latitude", "sptable":"locality", "sptabletitle":"Locality", "spfld":"latitude1", "spfldtitle":"latitude1", "colidx":11, "linkify":"false", "advancedsearch":"true", "displaycolidx":11},
{"colname":"Longitude", "solrname":"longitude1", "solrtype":"pdouble", "title":"Longitude", "type":"java.math.BigDecimal", "width":-1, "concept":"Longitude", "sptable":"locality", "sptabletitle":"Locality", "spfld":"longitude1", "spfldtitle":"longitude1", "colidx":12, "linkify":"false", "advancedsearch":"true", "displaycolidx":12},
{"colname":"Station Field #", "solrname":"stationFieldNumber", "solrtype":"string", "title":"Station Field #", "type":"java.lang.String", "width":50, "concept":"Station Field #", "sptable":"collectingevent", "sptabletitle":"Collecting Event", "spfld":"stationFieldNumber", "spfldtitle":"stationFieldNumber", "colidx":13, "linkify":"true", "advancedsearch":"true", "displaycolidx":13},
{"colname":"Start Date", "solrname":"startDate", "solrtype":"string", "title":"Start Date", "type":"java.util.Calendar", "width":-1, "concept":"Start Date", "sptable":"collectingevent", "sptabletitle":"Collecting Event", "spfld":"startDate", "spfldtitle":"startDate", "colidx":14, "linkify":"false", "advancedsearch":"true", "displaycolidx":14},
{"colname":"Type Status", "solrname":"typeStatusName", "solrtype":"string", "title":"Type Status", "type":"java.lang.String", "width":50, "concept":"Type Status", "sptable":"determination", "sptabletitle":"Determination", "spfld":"typeStatusName", "spfldtitle":"typeStatusName", "colidx":15, "linkify":"true", "advancedsearch":"true", "displaycolidx":15},
{"colname":"Family", "solrname":"Family", "solrtype":"string", "title":"Family", "type":"java.lang.String", "width":64, "concept":"Family", "sptable":"taxon", "sptabletitle":"Taxon", "spfld":"Family", "spfldtitle":"Family", "treeid":"taxon", "treerank":140, "colidx":16, "linkify":"true", "advancedsearch":"true", "displaycolidx":16},
{"colname":"Common Name", "solrname":"commonName", "solrtype":"string", "title":"Common Name", "type":"java.lang.String", "width":128, "concept":"Common Name", "sptable":"taxon", "sptabletitle":"Taxon", "spfld":"commonName", "spfldtitle":"commonName", "colidx":17, "linkify":"true", "advancedsearch":"true", "displaycolidx":17},
{"colname":"img", "solrname":"img", "solrtype":"string", "title":"image"}
]
