spid,contents,img,geoc,catalogNumber,Genus,Species,preparations,Continent,Country,State,County,fullName,drainage,latitude1,longitude1,stationFieldNumber,startDate,typeStatusName,Family,commonName
9d0937d0-52de-4525-a4ac-ccce2b22f601,"102082	Cyprinodon	artifrons	EtOH - 1	N America	Mexico	Yucatan	Mexico, Yucatan	21.272263	-89.657878	Z102082	Holotype **	Cyprinodontidae	Yucatan pupfish	","[{AttachmentID:1342,AttachmentLocation:""sp6711213730003141096.att.jpg"",Title:""Cyprinodon_variegatus_artifronsUMMZ102082_38mmSL""}]",21.272263 -89.657878,102082,Cyprinodon,artifrons,EtOH - 1,N America,Mexico,Yucatan,,"Mexico, Yucatan",,21.272263,-89.657878,Z102082,,Holotype **,Cyprinodontidae,Yucatan pupfish
ff4c6751-7896-4580-914a-0fbc63375ab8,"168938	Cyprinella	callitaenia	EtOH - 1	N America	USA	Georgia	Lee	USA, Georgia, Lee	31.697417	-84.021637	HEWG52-3	1952-09-19	Holotype	Cyprinidae	Bluestripe shiner	","[{AttachmentID:1098,AttachmentLocation:""sp66563095761892128008.att.jpg"",Title:""Notropis_callitaenia_UMMZ168938_64.4mmSL""}]",31.697417 -84.021637,168938,Cyprinella,callitaenia,EtOH - 1,N America,USA,Georgia,Lee,"USA, Georgia, Lee",,31.697417,-84.021637,HEWG52-3,1952-09-19,Holotype,Cyprinidae,Bluestripe shiner
abde5bb7-2198-48b0-a7f5-4028664c5f35,"179999	Gambusia	atrora	EtOH - 1	N America	Mexico	San Luis Potosi	Mexico, San Luis Potosi	21.4666670	-98.9166670	MSG51-1	1951-12-31	Holotype	Poeciliidae	Blackfin gambusia	","[{AttachmentID:1354,AttachmentLocation:""sp6379711630268733123.att.jpg"",Title:""Gambusia_atrora_UMMZ179999_23""}]",21.4666670 -98.9166670,179999,Gambusia,atrora,EtOH - 1,N America,Mexico,San Luis Potosi,,"Mexico, San Luis Potosi",,21.4666670,-98.9166670,MSG51-1,1951-12-31,Holotype,Poeciliidae,Blackfin gambusia
3a9136bf-f9d8-4567-bbb7-8773a2185888,"195953	Poecilia	catemaconis	EtOH - 1	N America	Mexico	Veracruz	Mexico, Veracruz	18.5000000	-95.0833330	RRM57-57	1957-03-29	Holotype	Poeciliidae	Catemaco molly	","[{AttachmentID:1383,AttachmentLocation:""sp61611937819799858514.att.jpg"",Title:""Poecilia_catemaconis_UMMZ195953_50.9mmSL""}]",18.5000000 -95.0833330,195953,Poecilia,catemaconis,EtOH - 1,N America,Mexico,Veracruz,,"Mexico, Veracruz",,18.5000000,-95.0833330,RRM57-57,1957-03-29,Holotype,Poeciliidae,Catemaco molly
176be5e3-a667-4606-b8c4-46bf76e53fb3,"201177	Skiffia	francesae	EtOH - 1	N America	Mexico	Jalisco	Mexico, Jalisco	20.6333330	-103.7500000	RRM70-11	1970-02-22	Holotype	Goodeidae	Pastel goodeid	","[{AttachmentID:1401,AttachmentLocation:""sp62548565042031061659.att.jpg"",Title:""Skiffia_francesae_UMMZ201177_29.5mmSL""}]",20.6333330 -103.7500000,201177,Skiffia,francesae,EtOH - 1,N America,Mexico,Jalisco,,"Mexico, Jalisco",,20.6333330,-103.7500000,RRM70-11,1970-02-22,Holotype,Goodeidae,Pastel goodeid
de3f4ab7-cf51-4d61-b7d3-c9c85ac13d28,"188736	Gambusia	aurata	EtOH - 1	N America	Mexico	Tamaulipas	Mexico, Tamaulipas	22.8333330	-98.9166670	RRM66-31	1966-12-21	Holotype	Poeciliidae	Golden gambusia	","[{AttachmentID:1356,AttachmentLocation:""sp64711410435446458302.att.jpg"",Title:""Gambusia_aurata_UMMZ188736_22""}]",22.8333330 -98.9166670,188736,Gambusia,aurata,EtOH - 1,N America,Mexico,Tamaulipas,,"Mexico, Tamaulipas",,22.8333330,-98.9166670,RRM66-31,1966-12-21,Holotype,Poeciliidae,Golden gambusia
dbdcd775-7308-4949-a548-33c7cf6e53fa,"171135	Cualac	tessellatus	EtOH - 1	N America	Mexico	San Luis Potosi	Mexico, San Luis Potosi	21.8666670	-100.0333330	RRM55-60	1955-03-19	Holotype	Cyprinodontidae	","[{AttachmentID:1314,AttachmentLocation:""sp6422285395696286230.att.jpg"",Title:""Cualac_tessellatus_UMMZ171135_38.5mmSL""}]",21.8666670 -100.0333330,171135,Cualac,tessellatus,EtOH - 1,N America,Mexico,San Luis Potosi,,"Mexico, San Luis Potosi",,21.8666670,-100.0333330,RRM55-60,1955-03-19,Holotype,Cyprinodontidae,
7067f8b1-6da5-48b5-8f55-481040b1bd7e,171175	Malacoctenus	erdmani	EtOH - 1	N America	Puerto Rico	Puerto Rico	18.461266	-66.082046	CLS55-65	1955-10-09	Holotype	Labrisomidae	Imitator blenny	,"[{AttachmentID:1586,AttachmentLocation:""sp66419775812585673017.att.jpg"",Title:""Malacoctenus_erdmani_UMMZ171175_26mmSL""}]",18.461266 -66.082046,171175,Malacoctenus,erdmani,EtOH - 1,N America,Puerto Rico,,,Puerto Rico,,18.461266,-66.082046,CLS55-65,1955-10-09,Holotype,Labrisomidae,Imitator blenny
fdef4498-1c9e-4b58-afca-19b725c90d29,171179	Malacoctenus	aurolineatus	EtOH - 1	N America	Puerto Rico	Puerto Rico	18.461266	-66.082046	CLS55-67	1955-10-15	Holotype	Labrisomidae	Goldline blenny	,"[{AttachmentID:1585,AttachmentLocation:""sp66227263828926204468.att.jpg"",Title:""Malacoctenus_aurolineatus_UMMZ171179_34mmSL""}]",18.461266 -66.082046,171179,Malacoctenus,aurolineatus,EtOH - 1,N America,Puerto Rico,,,Puerto Rico,,18.461266,-66.082046,CLS55-67,1955-10-15,Holotype,Labrisomidae,Goldline blenny
63971be8-536c-42d3-b399-666a1a7feae6,"172134	Poecilia	chica	EtOH - 1	N America	Mexico	Jalisco	Mexico, Jalisco	19.5333330	-104.6666670	RRM55-47	1955-03-05	Holotype	Poeciliidae	Dwarf molly	","[{AttachmentID:1384,AttachmentLocation:""sp61182104229657627850.att.jpg"",Title:""Poecilia_chicaUMMZ172134_25""}]",19.5333330 -104.6666670,172134,Poecilia,chica,EtOH - 1,N America,Mexico,Jalisco,,"Mexico, Jalisco",,19.5333330,-104.6666670,RRM55-47,1955-03-05,Holotype,Poeciliidae,Dwarf molly
12747a5f-ee69-44bc-8d7f-ff39243f21a9,"172227	Ameca	splendens	EtOH - 1	N America	Mexico	Jalisco	Mexico, Jalisco	20.6333330	-103.7500000	RRM55-67	1955-03-25	Holotype	Goodeidae	Butterfly splitfin	","[{AttachmentID:1303,AttachmentLocation:""sp66249081593744671052.att.jpg"",Title:""Ameca_splendens_UMMZ172227_60.5mmSL""}]",20.6333330 -103.7500000,172227,Ameca,splendens,EtOH - 1,N America,Mexico,Jalisco,,"Mexico, Jalisco",,20.6333330,-103.7500000,RRM55-67,1955-03-25,Holotype,Goodeidae,Butterfly splitfin
5ec08b43-c67f-43ae-ab2c-d82384f4dd58,"172286	Atherinella	crystallina	EtOH - 1	N America	Mexico	Sinaloa	Mexico, Sinaloa	26.2500000	-108.8000000	RRM55-83	1955-04-04	Holotype	Atherinidae	","[{AttachmentID:1487,AttachmentLocation:""sp61649268683314820408.att.jpg"",Title:""Atherinella_crystallina_elegans_UMMZ172286_59mmSL""}]",26.2500000 -108.8000000,172286,Atherinella,crystallina,EtOH - 1,N America,Mexico,Sinaloa,,"Mexico, Sinaloa",,26.2500000,-108.8000000,RRM55-83,1955-04-04,Holotype,Atherinidae,
fb29c825-d62d-44e0-8d40-9c79725cb7c8,"172456	Phallichthys	fairweatheri	EtOH - 1	C America	Guatemala	Peten	Guatemala, Peten	17.27939	-90.174313	CLHM35-91	1935-03-18	Holotype	Poeciliidae	Picotee livebearer	","[{AttachmentID:1381,AttachmentLocation:""sp63130389356558304608.att.jpg"",Title:""Phallichthys_fairweatheriUMMZ172456_29""}]",17.27939 -90.174313,172456,Phallichthys,fairweatheri,EtOH - 1,C America,Guatemala,Peten,,"Guatemala, Peten",,17.27939,-90.174313,CLHM35-91,1935-03-18,Holotype,Poeciliidae,Picotee livebearer
441abd56-9bd4-4ccc-8b14-319cd6ed0a44,"173132	Notropis	saladonis	EtOH - 1	N America	Mexico	Nuevo Leon	Mexico, Nuevo Leon	27.2000000	-100.0833330	C*HQ51-10	1951-06-11	Holotype	Cyprinidae	Sardinita de Salado	","[{AttachmentID:1126,AttachmentLocation:""sp62616885829139990328.att.jpg"",Title:""Notropis_saladonis_UMMZ173132_32mmSL""}]",27.2000000 -100.0833330,173132,Notropis,saladonis,EtOH - 1,N America,Mexico,Nuevo Leon,,"Mexico, Nuevo Leon",,27.2000000,-100.0833330,C*HQ51-10,1951-06-11,Holotype,Cyprinidae,Sardinita de Salado
16c42839-5370-44a4-a198-1e1e63e24757,"146498	Moxostoma	hamiltoni	EtOH - 1	N America	USA	Virginia	Patrick	USA, Virginia, Patrick	36.637303	-80.215165	ECR41-997	1941-04-03	Holotype *	Catostomidae	","[{AttachmentID:1009,AttachmentLocation:""sp6258980411504127039.att.jpg"",Title:""Thoburnia_hamiltoni_UMMZ146498_87mmSL_DSC_2784""}]",36.637303 -80.215165,146498,Moxostoma,hamiltoni,EtOH - 1,N America,USA,Virginia,Patrick,"USA, Virginia, Patrick",,36.637303,-80.215165,ECR41-997,1941-04-03,Holotype *,Catostomidae,
ffd8b5af-2f43-4ed7-8cc1-fc014f793fb5,"174539	Luxilus	chrysocephalus	EtOH - 1	N America	USA	Kentucky	Lincoln	USA, Kentucky, Lincoln	37.567866	-84.819269	RMB53-1	1953-04-05	Neotype	Cyprinidae	Striped shiner	","[{AttachmentID:1082,AttachmentLocation:""sp6310215490504870795.att.jpg"",Title:""Luxilus_chrysocephalus_UMMZ174539_99mmSL""}]",37.567866 -84.819269,174539,Luxilus,chrysocephalus,EtOH - 1,N America,USA,Kentucky,Lincoln,"USA, Kentucky, Lincoln",,37.567866,-84.819269,RMB53-1,1953-04-05,Neotype,Cyprinidae,Striped shiner
de1cbc2b-56e1-4921-a86d-a954b3190fb9,"174540	Cyprinus	cornutus	EtOH - 1	N America	USA	New York	Ulster	USA, New York, Ulster	41.720154	-74.137474	RMB36-1	1936-06-02	Neotype	Cyprinidae	","[{AttachmentID:1047,AttachmentLocation:""sp63883698178868963266.att.jpg"",Title:""Cyprinus_cornutus_UMMZ174540_69mmSL""}]",41.720154 -74.137474,174540,Cyprinus,cornutus,EtOH - 1,N America,USA,New York,Ulster,"USA, New York, Ulster",,41.720154,-74.137474,RMB36-1,1936-06-02,Neotype,Cyprinidae,
9ef933b9-c026-4305-957a-ab306db132a5,"174594	Alburnus	zonatus	EtOH - 1	N America	USA	Missouri	USA, Missouri	Z174594	Lectotype	Cyprinidae	","[{AttachmentID:1019,AttachmentLocation:""sp65089301940420022021.att.jpg"",Title:""Alburnus_zonatus_UMMZ174594_65mmSL""}]",,174594,Alburnus,zonatus,EtOH - 1,N America,USA,Missouri,,"USA, Missouri",,,,Z174594,,Lectotype,Cyprinidae,
5f30eb22-80e9-4cf4-ac88-bdeac2a900c6,"173781	Lepidomeda	albivallis	EtOH - 1	N America	USA	Nevada	White Pine	USA, Nevada, White Pine	38.953459	-115.148334	CLHM34-204	1934-09-10	Holotype	Cyprinidae	White River spinedace	","[{AttachmentID:1076,AttachmentLocation:""sp6493602718634162829.att.jpg"",Title:""Lepidomeda_albivallis_UMMZ173781_69.5mmSL_DSC_2834""}]",38.953459 -115.148334,173781,Lepidomeda,albivallis,EtOH - 1,N America,USA,Nevada,White Pine,"USA, Nevada, White Pine",,38.953459,-115.148334,CLHM34-204,1934-09-10,Holotype,Cyprinidae,White River spinedace
43ccd3c8-6539-4c65-b954-487f367044dc,"176977	Poeciliopsis	catemaco	EtOH - 1	N America	Mexico	Veracruz	Mexico, Veracruz	18.4166670	-95.0833330	A*ST57-3	1957-08-24	Holotype	Poeciliidae	Catemaco livebearer	","[{AttachmentID:1387,AttachmentLocation:""sp67322590912570920638.att.jpg"",Title:""Poeciliopsis_catemaco_UMMZ176977_37mmSL""}]",18.4166670 -95.0833330,176977,Poeciliopsis,catemaco,EtOH - 1,N America,Mexico,Veracruz,,"Mexico, Veracruz",,18.4166670,-95.0833330,A*ST57-3,1957-08-24,Holotype,Poeciliidae,Catemaco livebearer
ea9b3e00-5664-46c7-b2b0-525f4abba045,"177266	Poeciliopsis	lucida	EtOH - 1	N America	Mexico	Sinaloa	Mexico, Sinaloa	25.5333330	-107.8000000	RRM59-69	1959-03-24	Holotype	Poeciliidae	Clearfin livebearer	","[{AttachmentID:1388,AttachmentLocation:""sp68856042296472063605.att.jpg"",Title:""Poeciliopsis_lucida_UMMZ177266_20mmSL""}]",25.5333330 -107.8000000,177266,Poeciliopsis,lucida,EtOH - 1,N America,Mexico,Sinaloa,,"Mexico, Sinaloa",,25.5333330,-107.8000000,RRM59-69,1959-03-24,Holotype,Poeciliidae,Clearfin livebearer
47959f60-1481-470e-8729-126e7effdd46,"177268	Poeciliopsis	monacha	EtOH - 1	N America	Mexico	Sonora	Mexico, Sonora	27.0833330	-108.7000000	RRM57-2	1957-02-16	Holotype	Poeciliidae	Headwater livebearer	","[{AttachmentID:1389,AttachmentLocation:""sp69102780897265498448.att.jpg"",Title:""Poeciliopsis_monacha_UMMZ177268_18.5mmSL""}]",27.0833330 -108.7000000,177268,Poeciliopsis,monacha,EtOH - 1,N America,Mexico,Sonora,,"Mexico, Sonora",,27.0833330,-108.7000000,RRM57-2,1957-02-16,Holotype,Poeciliidae,Headwater livebearer
c32cda0c-252c-40cd-907c-94bd06c51e60,"177270	Poeciliopsis	viriosa	EtOH - 1	N America	Mexico	Jalisco	Mexico, Jalisco	20.8666670	-105.1333330	RRM55-33	1955-02-21	Holotype	Poeciliidae	Chubby livebearer	","[{AttachmentID:1392,AttachmentLocation:""sp65049016393252185400.att.jpg"",Title:""Poeciliopsis_viriosa_UMMZ177270_23mmSL""}]",20.8666670 -105.1333330,177270,Poeciliopsis,viriosa,EtOH - 1,N America,Mexico,Jalisco,,"Mexico, Jalisco",,20.8666670,-105.1333330,RRM55-33,1955-02-21,Holotype,Poeciliidae,Chubby livebearer
f73ab4a3-d7b7-4d34-b75c-f690ea9bbaf0,"177272	Poeciliopsis	prolifica	EtOH - 1	N America	Mexico	Sinaloa	Mexico, Sinaloa	24.8666670	-107.2500000	RRM55-79	1955-04-02	Holotype	Poeciliidae	Blackstripe livebearer	","[{AttachmentID:1390,AttachmentLocation:""sp67500712650342829963.att.jpg"",Title:""Poeciliopsis_prolifica_UMMZ177272_14.9mmSL""}]",24.8666670 -107.2500000,177272,Poeciliopsis,prolifica,EtOH - 1,N America,Mexico,Sinaloa,,"Mexico, Sinaloa",,24.8666670,-107.2500000,RRM55-79,1955-04-02,Holotype,Poeciliidae,Blackstripe livebearer
3af3637c-9233-480f-9956-b508e94e79c5,"177376	Cottus	echinatus	EtOH - 1	N America	USA	Utah	USA, Utah	40.239038	-111.745773	VMT28-1413	Holotype	Cottidae	Utah Lake sculpin	","[{AttachmentID:1536,AttachmentLocation:""sp67767286164980851299.att.jpg"",Title:""Cottus_echinatus_UMMZ177376_64.5mmSl_dorsal""}, {AttachmentID:1537,AttachmentLocation:""sp6382468142845910460.att.jpg"",Title:""Cottus_echinatus_UMMZ177376_64.5mmSL_lateral""}]",40.239038 -111.745773,177376,Cottus,echinatus,EtOH - 1,N America,USA,Utah,,"USA, Utah",,40.239038,-111.745773,VMT28-1413,,Holotype,Cottidae,Utah Lake sculpin
8aeb233d-2473-4ed9-8ef0-8ea8bb1a532b,"177377	Cottus	confusus	EtOH - 1	N America	USA	Idaho	Blaine	USA, Idaho, Blaine	43.884869	-114.768616	RMB50-16	1950-07-04	Holotype	Cottidae	Shorthead sculpin	","[{AttachmentID:1533,AttachmentLocation:""sp62237758015787907077.att.jpg"",Title:""Cottus_confusus_UMMZ177377_75mmSL_dorsal""}, {AttachmentID:1534,AttachmentLocation:""sp65820190678055616012.att.jpg"",Title:""Cottus_confusus_UMMZ177377_75mmSl_lateral""}, {AttachmentID:1535,AttachmentLocation:""sp66624739401005678358.att.jpg"",Title:""UMMZ 177377""}]",43.884869 -114.768616,177377,Cottus,confusus,EtOH - 1,N America,USA,Idaho,Blaine,"USA, Idaho, Blaine",,43.884869,-114.768616,RMB50-16,1950-07-04,Holotype,Cottidae,Shorthead sculpin
6131b26e-9cea-4e63-bb52-663a84e376cd,"179151	Phenacobius	crassilabrum	EtOH - 1	N America	USA	Tennessee	Carter	USA, Tennessee, Carter	36.3000000	-81.9986110	RMB47-38	1947-09-18	Holotype	Cyprinidae	Fatlips minnow	","[{AttachmentID:1134,AttachmentLocation:""sp61419771720294433523.att.jpg"",Title:""Phenacobius_crassilabrum_UMMZ179151_88mmSL""}]",36.3000000 -81.9986110,179151,Phenacobius,crassilabrum,EtOH - 1,N America,USA,Tennessee,Carter,"USA, Tennessee, Carter",,36.3000000,-81.9986110,RMB47-38,1947-09-18,Holotype,Cyprinidae,Fatlips minnow
db8888cb-48f7-48bc-a915-aecd8da2e53c,"179167	Gambusia	marshi	EtOH - 1	N America	Mexico	Coahuila	Mexico, Coahuila	27.2500000	-101.2500000	WLM60-475	1960-08-16	Holotype	Poeciliidae	Robust gambusia	","[{AttachmentID:1367,AttachmentLocation:""sp61872471238366056975.att.jpg"",Title:""Gambusia_marshi_UMMZ179167_23mmSL""}]",27.2500000 -101.2500000,179167,Gambusia,marshi,EtOH - 1,N America,Mexico,Coahuila,,"Mexico, Coahuila",,27.2500000,-101.2500000,WLM60-475,1960-08-16,Holotype,Poeciliidae,Robust gambusia
91c255ef-4304-4109-a408-6cacdb9f5d61,"179539	Brachyrhaphis	hartwegi	EtOH - 1	N America	Mexico	Chiapas	Mexico, Chiapas	15.3333330	-92.6666670	Z179539	1937-08-18	Holotype	Poeciliidae	Soconusco gambusia	","[{AttachmentID:1308,AttachmentLocation:""sp62385897251293871525.att.jpg"",Title:""Brachyrhaphis_hartwegi_UMMZ179539_23.9mmSL""}]",15.3333330 -92.6666670,179539,Brachyrhaphis,hartwegi,EtOH - 1,N America,Mexico,Chiapas,,"Mexico, Chiapas",,15.3333330,-92.6666670,Z179539,1937-08-18,Holotype,Poeciliidae,Soconusco gambusia
c74505d4-28fa-49ba-a651-d9c54ba98808,"179550	Dactyloscopus	amnis	EtOH - 1	N America	Mexico	Guerrero	Mexico, Guerrero	16.7500000	-99.6333330	RRM57-51	1957-03-23	Holotype	Dactyloscopidae	Riverine stargazer	","[{AttachmentID:1567,AttachmentLocation:""sp6844075020856520766.att.jpg"",Title:""Dactyloscopus_amnis_UMMZ179550_80mmSL_dorsal""}, {AttachmentID:1568,AttachmentLocation:""sp64500090984644573551.att.jpg"",Title:""Dactyloscopus_amnis_UMMZ179550_80mmSL""}]",16.7500000 -99.6333330,179550,Dactyloscopus,amnis,EtOH - 1,N America,Mexico,Guerrero,,"Mexico, Guerrero",,16.7500000,-99.6333330,RRM57-51,1957-03-23,Holotype,Dactyloscopidae,Riverine stargazer
8d0dc1b4-3d4a-4321-8058-012d9519426c,"179620	Gambusia	longispinis	EtOH - 1	N America	Mexico	Coahuila	Mexico, Coahuila	26.9166670	-102.0833330	RRM61-50	1961-04-08	Holotype	Poeciliidae	Cuatro Cienegas gambusia	","[{AttachmentID:1364,AttachmentLocation:""sp69142881358178363181.att.jpg"",Title:""Gambusia_longispinis_UMMZ179620_19mmSL""}]",26.9166670 -102.0833330,179620,Gambusia,longispinis,EtOH - 1,N America,Mexico,Coahuila,,"Mexico, Coahuila",,26.9166670,-102.0833330,RRM61-50,1961-04-08,Holotype,Poeciliidae,Cuatro Cienegas gambusia
fa8ef7b0-e587-4098-855d-cef2dccbdd36,"179638	Cyprinodon	alvarezi	EtOH - 1	N America	Mexico	Nuevo Leon	Mexico, Nuevo Leon	24.8333330	-100.3333330	RRM61-2	1961-02-23	Holotype	Cyprinodontidae	Potosi pupfish	","[{AttachmentID:1316,AttachmentLocation:""sp62957431412874085380.att.jpg"",Title:""Cyprinodon_alvarezi_UMMZ179638_37.5mmSL""}]",24.8333330 -100.3333330,179638,Cyprinodon,alvarezi,EtOH - 1,N America,Mexico,Nuevo Leon,,"Mexico, Nuevo Leon",,24.8333330,-100.3333330,RRM61-2,1961-02-23,Holotype,Cyprinodontidae,Potosi pupfish
d62d3557-c10e-4a34-983f-73ae7f114101,"179806	Gambusia	affinis	EtOH - 4	N America	Mexico	Coahuila	Mexico, Coahuila	27.1666670	-101.2500000	RRM61-41	1961-04-04	Poeciliidae	Western mosquitofish	","[{AttachmentID:1417,AttachmentLocation:""sp62195395396038667603.att.jpg"",Title:""Xiphosphorus_gordoni_UMMZ179866_24mmSL""}]",27.1666670 -101.2500000,179806,Gambusia,affinis,EtOH - 4,N America,Mexico,Coahuila,,"Mexico, Coahuila",,27.1666670,-101.2500000,RRM61-41,1961-04-04,,Poeciliidae,Western mosquitofish
5540f7e5-2fff-4580-9108-878e31e9adec,"179835	Cyprinodon	bifasciatus	EtOH - 1	N America	Mexico	Coahuila	Mexico, Coahuila	26.9166670	-102.0833330	RRM61-45	1961-04-06	Holotype	Cyprinodontidae	Cuatro Cienegas pupfish	","[{AttachmentID:1319,AttachmentLocation:""sp62696933985520706539.att.jpg"",Title:""Cyprinodon_bifasciatus_UMMZ179835_44.5mmSL""}]",26.9166670 -102.0833330,179835,Cyprinodon,bifasciatus,EtOH - 1,N America,Mexico,Coahuila,,"Mexico, Coahuila",,26.9166670,-102.0833330,RRM61-45,1961-04-06,Holotype,Cyprinodontidae,Cuatro Cienegas pupfish
35c5ccf7-118e-4d59-a4c4-6eee57da7839,"179850	Lucania	interioris	EtOH - 1	N America	Mexico	Coahuila	Mexico, Coahuila	26.9166670	-102.0833330	RRM61-49	1961-04-08	Holotype	Fundulidae	Cuatro Cienegas killifish	","[{AttachmentID:1375,AttachmentLocation:""sp61910653009904303590.att.jpg"",Title:""Lucania_interioris_UMMZ179850_26""}]",26.9166670 -102.0833330,179850,Lucania,interioris,EtOH - 1,N America,Mexico,Coahuila,,"Mexico, Coahuila",,26.9166670,-102.0833330,RRM61-49,1961-04-08,Holotype,Fundulidae,Cuatro Cienegas killifish
167318b0-30ab-407f-add3-554d88625ca8,"180073	Etheostoma	trisella	EtOH - 1	N America	USA	Alabama	Cherokee	USA, Alabama, Cherokee	34.108651	-85.580889	Z180073	1947-09-13	Holotype	Percidae	","[{AttachmentID:1443,AttachmentLocation:""sp67392349092047495309.att.jpg"",Title:""Etheostoma_trisella_UMMZ180073_35.2mmSL""}]",34.108651 -85.580889,180073,Etheostoma,trisella,EtOH - 1,N America,USA,Alabama,Cherokee,"USA, Alabama, Cherokee",,34.108651,-85.580889,Z180073,1947-09-13,Holotype,Percidae,
cdac5a3f-00d8-4f7e-80a1-8d2d98acb2bb,180144	Neosalanx	jordani	EtOH - 1	Asia	Korea	Korea	Z180144	1923-04-16	Holotype	Salangidae	,"[{AttachmentID:945,AttachmentLocation:""sp61429452792595386804.att.jpg"",Title:""Neosalanx_jordani_UMMZ180144_52.5mmSL""}]",,180144,Neosalanx,jordani,EtOH - 1,Asia,Korea,,,Korea,,,,Z180144,1923-04-16,Holotype,Salangidae,
2f6510bf-3485-4d68-8ab4-a8eb28518301,180146	Neosalanx	hubbsi	EtOH - 1	Asia	China	China	39.112458	117.219871	Z180146	Holotype	Salangidae	,"[{AttachmentID:946,AttachmentLocation:""sp61478984147348370603.att.jpg"",Title:""Neosalanx_hubbsi_UMMZ180146_55mmSL""}]",39.112458 117.219871,180146,Neosalanx,hubbsi,EtOH - 1,Asia,China,,,China,,39.112458,117.219871,Z180146,,Holotype,Salangidae,
59e5b5b9-28fa-4c60-8122-19ada414a8b8,"180320	Gambusia	krumholzi	EtOH - 1	N America	Mexico	Coahuila	Mexico, Coahuila	28.3000000	-100.5833330	Z180320	1961-09-14	Holotype	Poeciliidae	Spotfin gambusia	","[{AttachmentID:1363,AttachmentLocation:""sp64491470465854062844.att.jpg"",Title:""Gambusia_krumholzi_UMMZ_180320_29""}]",28.3000000 -100.5833330,180320,Gambusia,krumholzi,EtOH - 1,N America,Mexico,Coahuila,,"Mexico, Coahuila",,28.3000000,-100.5833330,Z180320,1961-09-14,Holotype,Poeciliidae,Spotfin gambusia
5907bb94-563b-4965-b9f2-71c695fd93da,"143022	Allodontichthys	tamazulae	EtOH - 1	N America	Mexico	Jalisco	Mexico, Jalisco	19.8000000	-103.2500000	CLT39-24	1939-04-03	Holotype	Goodeidae	Tuxpan splitfin	","[{AttachmentID:1296,AttachmentLocation:""sp64068273787451977348.att.jpg"",Title:""Allodontichthys_tamazulae_UMMZ143022_27mmSL""}]",19.8000000 -103.2500000,143022,Allodontichthys,tamazulae,EtOH - 1,N America,Mexico,Jalisco,,"Mexico, Jalisco",,19.8000000,-103.2500000,CLT39-24,1939-04-03,Holotype,Goodeidae,Tuxpan splitfin
a1e9a438-0486-4ff5-8d37-6f2d5c14c43f,"143024	Xenotaenia	resolanae	EtOH - 1	N America	Mexico	Jalisco	Mexico, Jalisco	19.5833330	-104.4666670	Z143024	1939-03-29	Holotype	Goodeidae	Leopard splitfin	","[{AttachmentID:1409,AttachmentLocation:""sp67395369792416466283.att.jpg"",Title:""Xenotaenia_resolanae_UMMZ143024_34mmSL left""}, {AttachmentID:1410,AttachmentLocation:""sp67224539069373034969.att.jpg"",Title:""Xenotaenia_Resolanae_UMMZ143024_34mmSL""}]",19.5833330 -104.4666670,143024,Xenotaenia,resolanae,EtOH - 1,N America,Mexico,Jalisco,,"Mexico, Jalisco",,19.5833330,-104.4666670,Z143024,1939-03-29,Holotype,Goodeidae,Leopard splitfin
867ce902-cf3d-4373-9a5d-a2866b7a0157,"143289	Characidium	pterostictum	EtOH - 1	S America	Brazil	Rio Grande do Sul	Osorio	Brazil, Rio Grande do Sul, Osorio	-29.70257	-50.18299	Z143289	Holotype	Characidae	","[{AttachmentID:971,AttachmentLocation:""sp65260150678627492606.att.jpg"",Title:""Characidium_pterostictum_UMMZ143289_HOLOTYPE_DSC_0680""}, {AttachmentID:1588,AttachmentLocation:""sp68685000233447986154.att.jpg"",Title:""UMMZ143289_Characidium_pterostictum_HOPLOTYPE_Dorsal_DSC_0689""}, {AttachmentID:1589,AttachmentLocation:""sp6279752449259853317.att.jpg"",Title:""UMMZ143289_Characidium_pterostictum_HOPLOTYPE_Lateral_DSC_0679""}, {AttachmentID:1590,AttachmentLocation:""sp62594695588616488780.att.jpg"",Title:""UMMZ143289_Characidium_pterostictum_HOPLOTYPE_Lateral_DSC_0680""}, {AttachmentID:1591,AttachmentLocation:""sp61707082814019250012.att.jpg"",Title:""UMMZ143289_Characidium_pterostictum_HOPLOTYPE_Ventral_DSC_0687""}]",-29.70257 -50.18299,143289,Characidium,pterostictum,EtOH - 1,S America,Brazil,Rio Grande do Sul,Osorio,"Brazil, Rio Grande do Sul, Osorio",,-29.70257,-50.18299,Z143289,,Holotype,Characidae,
ba672d1e-10aa-456b-9e8c-810af024faf9,143272	Odontostoechus	lethostigmus	EtOH - 1	S America	Brazil	Brazil	-29.70257	-50.18299	Z143272	Holotype	Characidae	,"[{AttachmentID:990,AttachmentLocation:""sp63206606553765179097.att.jpg"",Title:""Odontostoechus_lethostigmus_UMMZ143272_42mmSL""}, {AttachmentID:991,AttachmentLocation:""sp66355568469511554119.att.jpg"",Title:""Odontostoechus_lethostigmus_UMMZ143272_42mmSL_head""}]",-29.70257 -50.18299,143272,Odontostoechus,lethostigmus,EtOH - 1,S America,Brazil,,,Brazil,,-29.70257,-50.18299,Z143272,,Holotype,Characidae,
9fdff0f4-3ce4-4ead-ae7e-97243f108991,143273	Distoechus	stigmaturus	EtOH - 1	S America	Brazil	Brazil	-29.70257	-50.18299	Z143273	Holotype	Characidae	,"[{AttachmentID:981,AttachmentLocation:""sp68040589459874482422.att.jpg"",Title:""Distoechus_stigmaturus_UMMZ143273_26mmSL_DSC_2082""}]",-29.70257 -50.18299,143273,Distoechus,stigmaturus,EtOH - 1,S America,Brazil,,,Brazil,,-29.70257,-50.18299,Z143273,,Holotype,Characidae,
0503053f-75b5-4de2-b274-5b7c99a18b84,"143299	Hubbsina	turneri	EtOH - 1	N America	Mexico	Michoacan	Mexico, Michoacan	19.7500000	-101.2500000	Z143299	1940-08-19	Holotype	Goodeidae	Highland splitfin	","[{AttachmentID:1373,AttachmentLocation:""sp66658057769765901544.att.jpg"",Title:""Hubbsina_turneriUMMZ143299_37mmSL""}]",19.7500000 -101.2500000,143299,Hubbsina,turneri,EtOH - 1,N America,Mexico,Michoacan,,"Mexico, Michoacan",,19.7500000,-101.2500000,Z143299,1940-08-19,Holotype,Goodeidae,Highland splitfin
1aa95647-94f4-4bfe-83d1-1572f5e3f4c4,"143300	Chirostoma	grandocule	EtOH - 1	N America	Mexico	Michoacan	Mexico, Michoacan	20.0333330	-101.0833330	Z143300	Holotype *	Atherinidae	","[{AttachmentID:1491,AttachmentLocation:""sp62664376070544963821.att.jpg"",Title:""Chirostoma_grandocule_compressum_UMMZ143300_83mmSL""}]",20.0333330 -101.0833330,143300,Chirostoma,grandocule,EtOH - 1,N America,Mexico,Michoacan,,"Mexico, Michoacan",,20.0333330,-101.0833330,Z143300,,Holotype *,Atherinidae,
11ee734b-4a77-413a-a59d-16132492f025,"143301	Poblana	alchichica	EtOH - 1	N America	Mexico	Puebla	Mexico, Puebla	19.4166670	-97.4166670	Z143301	Holotype	Atherinidae	","[{AttachmentID:1496,AttachmentLocation:""sp62649934507097707086.att.jpg"",Title:""Poblana_alchichica_UMMZ143301_50.5mmSL""}]",19.4166670 -97.4166670,143301,Poblana,alchichica,EtOH - 1,N America,Mexico,Puebla,,"Mexico, Puebla",,19.4166670,-97.4166670,Z143301,,Holotype,Atherinidae,
9382b26b-5547-400f-8185-39b7ced727e4,"156224	Etheostoma	barratti	EtOH - 1	N America	USA	North Carolina	Buncombe	USA, North Carolina, Buncombe	35.501867	-82.593635	JRB47-75A	1947-07-14	Holotype *	Percidae	","[{AttachmentID:1452,AttachmentLocation:""sp67235836951269002811.att.jpg"",Title:""Hololepis_barratti_appalachia_UMMZ156224_37 mmSL""}]",35.501867 -82.593635,156224,Etheostoma,barratti,EtOH - 1,N America,USA,North Carolina,Buncombe,"USA, North Carolina, Buncombe",,35.501867,-82.593635,JRB47-75A,1947-07-14,Holotype *,Percidae,
7ba76541-d7f7-4a8c-8ffa-e72826d1d5a8,156821	Engraulis	anchoita	EtOH - 1	S America	Argentina	Argentina	-38.015231	-57.528289	Z156821	Holotype	Engraulididae	,"[{AttachmentID:930,AttachmentLocation:""sp62092955377556151689.att.jpg"",Title:""Engraulis_anchoita_UMMZ156821_131mmSL""}]",-38.015231 -57.528289,156821,Engraulis,anchoita,EtOH - 1,S America,Argentina,,,Argentina,,-38.015231,-57.528289,Z156821,,Holotype,Engraulididae,
231f3de3-5c09-4646-aff0-290c32b221c2,"157117	Notropis	signipinnis	EtOH - 1	N America	USA	Mississippi	George	USA, Mississippi, George	30.91245	-88.494687	RMB48-22	1948-04-04	Holotype	Cyprinidae	Flagfin shiner	","[{AttachmentID:1110,AttachmentLocation:""sp61112063223575914294.att.jpg"",Title:""Notropis_signipinnis_UMMZ157117_47.8mmSL_DSC_2785""}]",30.91245 -88.494687,157117,Notropis,signipinnis,EtOH - 1,N America,USA,Mississippi,George,"USA, Mississippi, George",,30.91245,-88.494687,RMB48-22,1948-04-04,Holotype,Cyprinidae,Flagfin shiner
f4950a5e-2d38-4d69-9d27-b1ae139a73a0,157126	Rasbora	aprotaenia	EtOH - 1	Asia	Java	Java	-6.425634	106.818267	A*T28-B9	1928-09-17	Holotype	Cyprinidae	,"[{AttachmentID:1160,AttachmentLocation:""sp62443733028739825912.att.jpg"",Title:""Rasbora_aprotaenia_UMMZ157126_50mmSL""}]",-6.425634 106.818267,157126,Rasbora,aprotaenia,EtOH - 1,Asia,Java,,,Java,,-6.425634,106.818267,A*T28-B9,1928-09-17,Holotype,Cyprinidae,
7d5d65f0-7842-4826-98ac-372c099a4476,157127	Rasbora	baliensis	EtOH - 3	Asia	Bali	Bali	-8.2723	115.1741	Z157127	1929-06-15	Paratypes	Cyprinidae	,"[{AttachmentID:1618,AttachmentLocation:""sp62191769250855184635.att.jpg"",Title:""UMMZ157127_1_Rasbora_baliensis_PARATYPE_DSC_0390""}, {AttachmentID:1619,AttachmentLocation:""sp62062476260307553671.att.jpg"",Title:""UMMZ157127_1_Rasbora_baliensis_PARATYPE_DSC_0391""}, {AttachmentID:1620,AttachmentLocation:""sp65526150530499244956.att.jpg"",Title:""UMMZ157127_2_Rasbora_baliensis_PARATYPE_DSC_0392""}, {AttachmentID:1621,AttachmentLocation:""sp65760547694922449010.att.jpg"",Title:""UMMZ157127_2_Rasbora_baliensis_PARATYPE_DSC_0397""}, {AttachmentID:1622,AttachmentLocation:""sp67211112785746880579.att.jpg"",Title:""UMMZ157127_3_Rasbora_baliensis_PARATYPE_DSC_0402""}, {AttachmentID:1623,AttachmentLocation:""sp68576503856629060782.att.jpg"",Title:""UMMZ157127_3_Rasbora_baliensis_PARATYPE_DSC_0403""}]",-8.2723 115.1741,157127,Rasbora,baliensis,EtOH - 3,Asia,Bali,,,Bali,,-8.2723,115.1741,Z157127,1929-06-15,Paratypes,Cyprinidae,
85cb873e-b09c-4e2f-b164-2961ae8839be,157136	Rasbora	elegans	EtOH - 1	Asia	Sumatra	Sumatra	Z157136	1929-01-20	Holotype	Cyprinidae	,"[{AttachmentID:1159,AttachmentLocation:""sp65018867078966703990.att.jpg"",Title:""Rasbora_elegans_spilotaenia_UMMZ157136_71mmSL""}]",,157136,Rasbora,elegans,EtOH - 1,Asia,Sumatra,,,Sumatra,,,,Z157136,1929-01-20,Holotype,Cyprinidae,
58fd1e58-c20b-4152-b8ab-b0eb4c6d52ab,157138	Rasbora	elegans	EtOH - 1	Asia	Sumatra	Sumatra	-2.969156	104.853835	Z157138	1929-05-11	Holotype	Cyprinidae	,"[{AttachmentID:1162,AttachmentLocation:""sp61461747450543070227.att.jpg"",Title:""Rasbora_elegans_nematotaenia_UMMZ157138_34mmSL""}]",-2.969156 104.853835,157138,Rasbora,elegans,EtOH - 1,Asia,Sumatra,,,Sumatra,,-2.969156,104.853835,Z157138,1929-05-11,Holotype,Cyprinidae,
a6915dc0-9364-47c1-97ca-d8f823fd879a,157146	Rasbora	baliensis	EtOH - 1	Asia	Bali	Bali	-8.2723	115.1741	Z157146	1929-06-15	Holotype	Cyprinidae	,"[{AttachmentID:1139,AttachmentLocation:""sp67107747078382704832.att.jpg"",Title:""UMMZ157146_Rasbora_baliensis_HOLOTYPE_DSC405""}, {AttachmentID:1161,AttachmentLocation:""sp6470111890221442230.att.jpg"",Title:""Rasbora_baliensis_UMMZ157146_35.1mmSL""}]",-8.2723 115.1741,157146,Rasbora,baliensis,EtOH - 1,Asia,Bali,,,Bali,,-8.2723,115.1741,Z157146,1929-06-15,Holotype,Cyprinidae,
9034e635-fd25-43ed-bf15-af991f59825c,"145161	Cottus	hubbsi	EtOH - 1	N America	USA	Washington	Chelan	USA, Washington, Chelan	47.663759	-120.242103	LPS32-39	1932-08-23	Holotype	Cottidae	Columbia sculpin	","[{AttachmentID:1539,AttachmentLocation:""sp67743283455806625721.att.jpg"",Title:""Cottus_hubbsi_UMMZ145161_78mmSL_dorsal""}, {AttachmentID:1540,AttachmentLocation:""sp66532051624952368944.att.jpg"",Title:""Cottus_hubbsi_UMMZ145161_78mmSL_lateral""}]",47.663759 -120.242103,145161,Cottus,hubbsi,EtOH - 1,N America,USA,Washington,Chelan,"USA, Washington, Chelan",,47.663759,-120.242103,LPS32-39,1932-08-23,Holotype,Cottidae,Columbia sculpin
7d049fad-2730-40ec-95e4-9f9476a0ab36,"148344	Fundulus	notatus	EtOH - 6	N America	USA	Missouri	Gasconade	USA, Missouri, Gasconade	38.273575	-91.475033	GVHM41-234	1941-07-18	Fundulidae	Blackstripe topminnow	",,38.273575 -91.475033,148344,Fundulus,notatus,EtOH - 6,N America,USA,Missouri,Gasconade,"USA, Missouri, Gasconade",,38.273575,-91.475033,GVHM41-234,1941-07-18,,Fundulidae,Blackstripe topminnow
e527d685-5022-47cf-bcaa-c5ca407a1c9e,"209434	Cichlasoma	minckleyi	EtOH - 1	N America	Mexico	Coahuila	Mexico, Coahuila	26.9166670	-102.0833330	RRM61-44	1961-04-06	Holotype	Cichlidae	","[{AttachmentID:1512,AttachmentLocation:""sp62039583604112861110.att.jpg"",Title:""Cichlasoma_minckleyi_UMMZ209434_93.4mmSl""}, {AttachmentID:1606,AttachmentLocation:""sp61896720619259610096.att.jpg"",Title:""minckleyi209434""}]",26.9166670 -102.0833330,209434,Cichlasoma,minckleyi,EtOH - 1,N America,Mexico,Coahuila,,"Mexico, Coahuila",,26.9166670,-102.0833330,RRM61-44,1961-04-06,Holotype,Cichlidae,
b8bc7b43-a0af-4338-9711-eec1836929ec,"210819	Cichlasoma	socolofi	EtOH - 1	N America	Mexico	Chiapas	Mexico, Chiapas	17.3333330	-92.0833330	RRM82-13	1982-01-28	Holotype	Cichlidae	","[{AttachmentID:1516,AttachmentLocation:""sp66290222715773267619.att.jpg"",Title:""Cichlasoma_socolofi_UMMZ210819_64.9mmSL""}, {AttachmentID:1607,AttachmentLocation:""sp64273907478797858756.att.jpg"",Title:""socolofi210819""}]",17.3333330 -92.0833330,210819,Cichlasoma,socolofi,EtOH - 1,N America,Mexico,Chiapas,,"Mexico, Chiapas",,17.3333330,-92.0833330,RRM82-13,1982-01-28,Holotype,Cichlidae,
2285d8dd-805d-4c67-8e27-3c17d4e7e02b,"211164	Rhamdia	reddelli	EtOH - 1	N America	Mexico	Oaxaca	Mexico, Oaxaca	18.485432	-96.670099	Z211164	1977-01-02	Holotype	Heptapteridae	Juil Ciego	","[{AttachmentID:1209,AttachmentLocation:""sp6898657521415725831.att.jpg"",Title:""UMMZ 211164 (d)""}, {AttachmentID:1210,AttachmentLocation:""sp63457647698249804179.att.jpg"",Title:""UMMZ 211164 (l)""}, {AttachmentID:1211,AttachmentLocation:""sp6530268281045191259.att.jpg"",Title:""UMMZ 211164 (v)""}]",18.485432 -96.670099,211164,Rhamdia,reddelli,EtOH - 1,N America,Mexico,Oaxaca,,"Mexico, Oaxaca",,18.485432,-96.670099,Z211164,1977-01-02,Holotype,Heptapteridae,Juil Ciego
3b42c493-3ef6-43b2-8b77-bf981c3a5b0d,"212102	Dorosoma	cepedianum	EtOH - 1	N America	USA	Michigan	Hillsdale	USA, Michigan, Hillsdale	41.70492	-84.689404	SJ82-17	1982-08-08	Clupeidae	Winter shad	","[{AttachmentID:2261,AttachmentLocation:""sp65179694264713399319.att.jpg"",Title:""212102a""}, {AttachmentID:2262,AttachmentLocation:""sp68350445952726027600.att.jpg"",Title:""212102b""}]",41.70492 -84.689404,212102,Dorosoma,cepedianum,EtOH - 1,N America,USA,Michigan,Hillsdale,"USA, Michigan, Hillsdale",,41.70492,-84.689404,SJ82-17,1982-08-08,,Clupeidae,Winter shad
1d7c9f3d-190a-4e9d-a959-7a7eee470bab,"213401	Cyprinodon	pachycephalus	EtOH - 1	N America	Mexico	Chihuahua	Mexico, Chihuahua	28.5916667	-105.5416667	Z213401	1971-08-29	Holotype	Cyprinodontidae	Cachorrito Cabezon	","[{AttachmentID:1336,AttachmentLocation:""sp64705550459765483742.att.jpg"",Title:""Cyprinodon_pachycephalus_UMMZ213401_43mmSL""}]",28.5916667 -105.5416667,213401,Cyprinodon,pachycephalus,EtOH - 1,N America,Mexico,Chihuahua,,"Mexico, Chihuahua",,28.5916667,-105.5416667,Z213401,1971-08-29,Holotype,Cyprinodontidae,Cachorrito Cabezon
bed3db74-c899-4f13-a616-4c346cd22861,"212350	Lythrurus	snelsoni	EtOH - 1	N America	USA	Arkansas	Polk	USA, Arkansas, Polk	34.505252	-94.430835	HWR80-59	1980-06-06	Holotype *	Cyprinidae	Ouachita shiner	","[{AttachmentID:1112,AttachmentLocation:""sp61182895543196754799.att.jpg"",Title:""Notropis_snelsoni_UMMZ212350_40mmSL""}]",34.505252 -94.430835,212350,Lythrurus,snelsoni,EtOH - 1,N America,USA,Arkansas,Polk,"USA, Arkansas, Polk",,34.505252,-94.430835,HWR80-59,1980-06-06,Holotype *,Cyprinidae,Ouachita shiner
bd3a58f8-1b1b-4059-b901-4d8498cda6f5,"212412	Misgurnus	anguillicaudatus	EtOH - 2	N America	USA	Michigan	Oakland	USA, Michigan, Oakland	42.771798	-83.579123	MLS73-2	1973-04-14	Cobitidae	Oriental weatherfish	","[{AttachmentID:2263,AttachmentLocation:""sp67386422624440227466.att.jpg"",Title:""212412a""}, {AttachmentID:2264,AttachmentLocation:""sp63222833824183693297.att.jpg"",Title:""212412b""}]",42.771798 -83.579123,212412,Misgurnus,anguillicaudatus,EtOH - 2,N America,USA,Michigan,Oakland,"USA, Michigan, Oakland",,42.771798,-83.579123,MLS73-2,1973-04-14,,Cobitidae,Oriental weatherfish
a63fb86a-6f2e-4b0c-b904-439100595521,"212499	Notropis	aulidion	EtOH - 1	N America	Mexico	Durango	Mexico, Durango	24.0333330	-104.3666670	JTGM51-36	1951-02-15	Holotype	Cyprinidae	Durango shiner	","[{AttachmentID:1115,AttachmentLocation:""sp64873988939476483245.att.jpg"",Title:""Notropis_aulidion_UMMZ212499_35.1mmSL""}]",24.0333330 -104.3666670,212499,Notropis,aulidion,EtOH - 1,N America,Mexico,Durango,,"Mexico, Durango",,24.0333330,-104.3666670,JTGM51-36,1951-02-15,Holotype,Cyprinidae,Durango shiner
5bb86940-490e-4ccd-ad0c-21202cefb659,"212500	Notropis	amecae	EtOH - 1	N America	Mexico	Jalisco	Mexico, Jalisco	20.6333330	-103.7500000	RRM55-67	1955-03-25	Holotype	Cyprinidae	Ameca shiner	","[{AttachmentID:1094,AttachmentLocation:""sp68008825221996160004.att.jpg"",Title:""Notropis_amecae_UMMZ212500_37.4mmSL""}]",20.6333330 -103.7500000,212500,Notropis,amecae,EtOH - 1,N America,Mexico,Jalisco,,"Mexico, Jalisco",,20.6333330,-103.7500000,RRM55-67,1955-03-25,Holotype,Cyprinidae,Ameca shiner
afc7bc87-783e-4886-9123-5246d7e0f0eb,"213302	Characodon	audax	EtOH - 1	N America	Mexico	Durango	Mexico, Durango	24.2763889	-104.5805556	RRM82-58	1982-03-16	Holotype	Goodeidae	Bold characodon	","[{AttachmentID:1309,AttachmentLocation:""sp6294140973494595181.att.jpg"",Title:""Characodon_audax_UMMZ213302_38.5mmSL""}]",24.2763889 -104.5805556,213302,Characodon,audax,EtOH - 1,N America,Mexico,Durango,,"Mexico, Durango",,24.2763889,-104.5805556,RRM82-58,1982-03-16,Holotype,Goodeidae,Bold characodon
e6a9af15-cfd5-4910-9fb1-d7d1eb6709c3,"213391	Catostomus	leopoldi	EtOH - 1	N America	Mexico	Chihuahua	Mexico, Chihuahua	29.8500000	-108.4000000	Z213391	1978-06-21	Holotype	Catostomidae	Bavispe sucker	","[{AttachmentID:1004,AttachmentLocation:""sp6249218167432789608.att.jpg"",Title:""Catostomus_leopoldi_UMMZ213391_151mmSL""}]",29.8500000 -108.4000000,213391,Catostomus,leopoldi,EtOH - 1,N America,Mexico,Chihuahua,,"Mexico, Chihuahua",,29.8500000,-108.4000000,Z213391,1978-06-21,Holotype,Catostomidae,Bavispe sucker
cf199a07-b779-4e05-a5ec-44aeb7a07da0,"213393	Catostomus	cahita	EtOH - 1	N America	Mexico	Chihuahua	Mexico, Chihuahua	28.3500000	-107.9666670	Z213393	1978-06-16	Holotype	Catostomidae	Cahita sucker	","[{AttachmentID:1000,AttachmentLocation:""sp61173840686615886088.att.jpg"",Title:""Catostomus_cahita_UMMZ213393_148.1mmSL""}]",28.3500000 -107.9666670,213393,Catostomus,cahita,EtOH - 1,N America,Mexico,Chihuahua,,"Mexico, Chihuahua",,28.3500000,-107.9666670,Z213393,1978-06-16,Holotype,Catostomidae,Cahita sucker
3f52f86f-35a1-4481-84e5-5cbe0956b02d,"213450	Allotoca	goslinei	EtOH - 1	N America	Mexico	Jalisco	Mexico, Jalisco	20.5833330	-104.0333330	RRM76-38	1976-02-23	Holotype	Goodeidae	Banded allotoca	","[{AttachmentID:1299,AttachmentLocation:""sp64312947351760287042.att.jpg"",Title:""Allotoca_goslinei_UMMZ213450_34.3mmSL""}]",20.5833330 -104.0333330,213450,Allotoca,goslinei,EtOH - 1,N America,Mexico,Jalisco,,"Mexico, Jalisco",,20.5833330,-104.0333330,RRM76-38,1976-02-23,Holotype,Goodeidae,Banded allotoca
c05290a6-20bc-43c6-a720-8015d056f1af,"157347	Thymallus	arcticus	EtOH - 1	N America	USA	Michigan	Charlevoix	USA, Michigan, Charlevoix	45.131703	-84.779868	Z157347	Syntype **	Salmonidae	","[{AttachmentID:950,AttachmentLocation:""sp62365171926334168713.att.jpg"",Title:""Thymallus_tricolor_UMMZ157347_201mm_DSC_1719""}]",45.131703 -84.779868,157347,Thymallus,arcticus,EtOH - 1,N America,USA,Michigan,Charlevoix,"USA, Michigan, Charlevoix",,45.131703,-84.779868,Z157347,,Syntype **,Salmonidae,
e4147217-c8ce-42e2-8542-819a4b595b1e,"157620	Noturus	hildebrandi	EtOH - 1	N America	USA	Mississippi	Amite	USA, Mississippi, Amite	31.322190	-90.981100	RMB48-11	1948-04-01	Holotype	Ictaluridae	","[{AttachmentID:1286,AttachmentLocation:""sp65521917597625563568.att.jpg"",Title:""UMMZ 157620 N-hildebrandi1""}, {AttachmentID:1287,AttachmentLocation:""sp67861298235255045967.att.jpg"",Title:""UMMZ 157620 N-hildebrandi3""}, {AttachmentID:1597,AttachmentLocation:""sp68636789813824500158.att.jpg"",Title:""UMMZ 157620""}]",31.322190 -90.981100,157620,Noturus,hildebrandi,EtOH - 1,N America,USA,Mississippi,Amite,"USA, Mississippi, Amite",,31.322190,-90.981100,RMB48-11,1948-04-01,Holotype,Ictaluridae,
b5aea961-e06e-48c4-b553-9c714b333e5c,"157633	Profundulus	hildebrandi	EtOH - 1	N America	Mexico	Chiapas	Mexico, Chiapas	16.8666670	-92.9666670	NEH41-697	1941-04-14	Holotype	Profundulidae	Chiapas killifish	","[{AttachmentID:1393,AttachmentLocation:""sp6224952660191326666.att.jpg"",Title:""Profundulus_hildebrandi_UMMZ157633_66.5mmSL""}]",16.8666670 -92.9666670,157633,Profundulus,hildebrandi,EtOH - 1,N America,Mexico,Chiapas,,"Mexico, Chiapas",,16.8666670,-92.9666670,NEH41-697,1941-04-14,Holotype,Profundulidae,Chiapas killifish
5d8644f7-d7bd-46b4-8a72-af75802b757e,"157692	Fundulus	albolineatus	EtOH - 1	N America	USA	Alabama	Madison	USA, Alabama, Madison	34.679117	-86.600509	Z157692	1889-05-27	Cotype	Fundulidae	Whiteline topminnow	","[{AttachmentID:1348,AttachmentLocation:""sp69117631581263426273.att.jpg"",Title:""Fundulus_albolineatus_UMMZ157692_61mmSL""}]",34.679117 -86.600509,157692,Fundulus,albolineatus,EtOH - 1,N America,USA,Alabama,Madison,"USA, Alabama, Madison",,34.679117,-86.600509,Z157692,1889-05-27,Cotype,Fundulidae,Whiteline topminnow
6b60191f-f775-416e-916a-a1c20dc6e37d,"157702	Erimystax	insignis	EtOH - 1	N America	USA	Kentucky	Calloway	USA, Kentucky, Calloway	36.634916	-88.078331	TVA42-S7B	1942-10-22	Holotype	Cyprinidae	","[{AttachmentID:1072,AttachmentLocation:""sp62744218419226342122.att.jpg"",Title:""Hybopsis_insignis_UMMZ157702_60mmSL""}]",36.634916 -88.078331,157702,Erimystax,insignis,EtOH - 1,N America,USA,Kentucky,Calloway,"USA, Kentucky, Calloway",,36.634916,-88.078331,TVA42-S7B,1942-10-22,Holotype,Cyprinidae,
6514b26d-3472-4786-bf5d-6423d0b0b193,"157708	Erimystax	cahni	EtOH - 1	N America	USA	Tennessee	Claiborne	USA, Tennessee, Claiborne	36.540593	-83.631585	RMB39-94	1939-09-08	Holotype *	Cyprinidae	Slender chub	","[{AttachmentID:1068,AttachmentLocation:""sp64497297686607296344.att.jpg"",Title:""Hybopsis_cahni_UMMZ157708_63mmSL""}]",36.540593 -83.631585,157708,Erimystax,cahni,EtOH - 1,N America,USA,Tennessee,Claiborne,"USA, Tennessee, Claiborne",,36.540593,-83.631585,RMB39-94,1939-09-08,Holotype *,Cyprinidae,Slender chub
c89d3257-06c0-468c-8369-9ff99f34bace,"167083	Hybopsis	dissimilis	EtOH - 1	N America	USA	Missouri	Barry	USA, Missouri, Barry	36.614421	-93.616614	GVHM40-89	1940-08-07	Holotype	Cyprinidae	","[{AttachmentID:1069,AttachmentLocation:""sp64223857746564420764.att.jpg"",Title:""Hybopsis_dissimilis_harryi_UMMZ167083_82mmSL""}]",36.614421 -93.616614,167083,Hybopsis,dissimilis,EtOH - 1,N America,USA,Missouri,Barry,"USA, Missouri, Barry",,36.614421,-93.616614,GVHM40-89,1940-08-07,Holotype,Cyprinidae,
b903b7f4-0a45-4ec2-b19b-c2bba2238da3,158503	Tilesina	hubbsi	EtOH - 1	Asia	USSR	USSR	41.081554	135.095959	Z158503	Holotype	Agonidae	,"[{AttachmentID:1553,AttachmentLocation:""sp68203208281654745411.att.jpg"",Title:""Tilesina_hubbsi_UMMZ158503_206mmSL""}]",41.081554 135.095959,158503,Tilesina,hubbsi,EtOH - 1,Asia,USSR,,,USSR,,41.081554,135.095959,Z158503,,Holotype,Agonidae,
66beeefc-627a-458e-b42a-74031e717842,"159014	Etheostoma	acuticeps	EtOH - 1	N America	USA	Tennessee	Sullivan	USA, Tennessee, Sullivan	36.522149	-82.100254	RMB49-11	1949-06-23	Holotype	Percidae	Sharphead darter	","[{AttachmentID:1432,AttachmentLocation:""sp61445096165951394864.att.jpg"",Title:""Etheostoma_acuticeps_UMMZ153014_58.5mmSL""}]",36.522149 -82.100254,159014,Etheostoma,acuticeps,EtOH - 1,N America,USA,Tennessee,Sullivan,"USA, Tennessee, Sullivan",,36.522149,-82.100254,RMB49-11,1949-06-23,Holotype,Percidae,Sharphead darter
701774f6-1715-44f5-945c-696531a5adf6,"148376	Fundulus	notatus	EtOH - 7	N America	USA	Missouri	Gasconade	USA, Missouri, Gasconade	38.223718	-91.447928	GVHM41-235	1941-07-18	Fundulidae	Blackstripe topminnow	",,38.223718 -91.447928,148376,Fundulus,notatus,EtOH - 7,N America,USA,Missouri,Gasconade,"USA, Missouri, Gasconade",,38.223718,-91.447928,GVHM41-235,1941-07-18,,Fundulidae,Blackstripe topminnow
aba20535-1eef-44e5-b175-03c978b8e134,"148393	Fundulus	notatus	EtOH - 2	N America	USA	Missouri	Crawford	USA, Missouri, Crawford	38.192847	-91.44305	GVHM41-236	1941-07-18	Fundulidae	Blackstripe topminnow	",,38.192847 -91.44305,148393,Fundulus,notatus,EtOH - 2,N America,USA,Missouri,Crawford,"USA, Missouri, Crawford",,38.192847,-91.44305,GVHM41-236,1941-07-18,,Fundulidae,Blackstripe topminnow
7adb3dd2-8dc2-477c-925e-ad6c03ee6250,"148406	Fundulus	notatus	EtOH - 1	N America	USA	Missouri	Crawford	USA, Missouri, Crawford	37.986257	-91.37879	GVHM41-237	1941-07-18	Fundulidae	Blackstripe topminnow	",,37.986257 -91.37879,148406,Fundulus,notatus,EtOH - 1,N America,USA,Missouri,Crawford,"USA, Missouri, Crawford",,37.986257,-91.37879,GVHM41-237,1941-07-18,,Fundulidae,Blackstripe topminnow
4590ba4a-a09e-4cf9-9a5a-152a3e1b3d9a,"149510	Fundulus	notatus	EtOH - 6	N America	USA	Missouri	Dent	USA, Missouri, Dent	37.76626	-91.618361	GVHM41-324	1941-08-23	Fundulidae	Blackstripe topminnow	",,37.76626 -91.618361,149510,Fundulus,notatus,EtOH - 6,N America,USA,Missouri,Dent,"USA, Missouri, Dent",,37.76626,-91.618361,GVHM41-324,1941-08-23,,Fundulidae,Blackstripe topminnow
c5481c7c-617a-4673-ac6a-20b2e700e422,"149567	Fundulus	notatus	EtOH - 12	N America	USA	Missouri	Phelps	USA, Missouri, Phelps	37.964916	-91.580468	GVHM41-328	1941-08-24	Fundulidae	Blackstripe topminnow	",,37.964916 -91.580468,149567,Fundulus,notatus,EtOH - 12,N America,USA,Missouri,Phelps,"USA, Missouri, Phelps",,37.964916,-91.580468,GVHM41-328,1941-08-24,,Fundulidae,Blackstripe topminnow
f2ab4fb5-526b-436b-bd3b-3b2d0da9c0e4,"149594	Fundulus	notatus	EtOH - 10	N America	USA	Missouri	Phelps	USA, Missouri, Phelps	38.102818	-91.580396	GVHM41-329	1941-08-24	Fundulidae	Blackstripe topminnow	",,38.102818 -91.580396,149594,Fundulus,notatus,EtOH - 10,N America,USA,Missouri,Phelps,"USA, Missouri, Phelps",,38.102818,-91.580396,GVHM41-329,1941-08-24,,Fundulidae,Blackstripe topminnow
1ba85b78-cb07-4fdf-95ea-5db873028b28,"149613	Fundulus	notatus	EtOH - 2	N America	USA	Missouri	Phelps	USA, Missouri, Phelps	38.147202	-91.580945	GVHM41-330	1941-08-24	Fundulidae	Blackstripe topminnow	",,38.147202 -91.580945,149613,Fundulus,notatus,EtOH - 2,N America,USA,Missouri,Phelps,"USA, Missouri, Phelps",,38.147202,-91.580945,GVHM41-330,1941-08-24,,Fundulidae,Blackstripe topminnow
7b578701-ac01-4dc3-8a7c-fd98df52d5d4,"149653	Fundulus	notatus	EtOH - 4	N America	USA	Missouri	Franklin	USA, Missouri, Franklin	38.318174	-91.332582	GVHM41-332	1941-08-25	Fundulidae	Blackstripe topminnow	",,38.318174 -91.332582,149653,Fundulus,notatus,EtOH - 4,N America,USA,Missouri,Franklin,"USA, Missouri, Franklin",,38.318174,-91.332582,GVHM41-332,1941-08-25,,Fundulidae,Blackstripe topminnow
fd75bd7b-0ba2-4da5-9f20-661dd8a6716d,"149677	Fundulus	notatus	EtOH - 4	N America	USA	Missouri	Franklin	USA, Missouri, Franklin	38.207822	-91.093758	GVHM41-333	1941-08-25	Fundulidae	Blackstripe topminnow	",,38.207822 -91.093758,149677,Fundulus,notatus,EtOH - 4,N America,USA,Missouri,Franklin,"USA, Missouri, Franklin",,38.207822,-91.093758,GVHM41-333,1941-08-25,,Fundulidae,Blackstripe topminnow
cfa499a0-64be-4ee1-a9cf-2cd5f8d4d0c5,"149704	Fundulus	notatus	EtOH - 3	N America	USA	Missouri	Franklin	USA, Missouri, Franklin	38.437524	-90.922667	GVHM41-334	1941-08-25	Fundulidae	Blackstripe topminnow	",,38.437524 -90.922667,149704,Fundulus,notatus,EtOH - 3,N America,USA,Missouri,Franklin,"USA, Missouri, Franklin",,38.437524,-90.922667,GVHM41-334,1941-08-25,,Fundulidae,Blackstripe topminnow
95931069-64d9-4341-8a58-01eba794c500,"149807	Fundulus	notatus	EtOH - 5	N America	USA	Missouri	St Francois	USA, Missouri, St Francois	37.919442	-90.417504	GVHM41-339	1941-08-28	Fundulidae	Blackstripe topminnow	",,37.919442 -90.417504,149807,Fundulus,notatus,EtOH - 5,N America,USA,Missouri,St Francois,"USA, Missouri, St Francois",,37.919442,-90.417504,GVHM41-339,1941-08-28,,Fundulidae,Blackstripe topminnow
5094aea1-ebef-4788-8d34-b9cd268ad83f,"150419	Cottus	hypselurus	EtOH - 1	N America	USA	Missouri	Laclede	USA, Missouri, Laclede	37.728002	-92.855943	GVHM40-29	1940-07-11	Holotype	Cottidae	Wood River sculpin	","[{AttachmentID:1541,AttachmentLocation:""sp61711674127995623087.att.jpg"",Title:""Cottus_hypselurus_UMMZ150419_57mmSL_dorsal""}, {AttachmentID:1542,AttachmentLocation:""sp67448903339383351342.att.jpg"",Title:""Cottus_hypselurus_UMMZ150419_57mmSL_lateral""}]",37.728002 -92.855943,150419,Cottus,hypselurus,EtOH - 1,N America,USA,Missouri,Laclede,"USA, Missouri, Laclede",,37.728002,-92.855943,GVHM40-29,1940-07-11,Holotype,Cottidae,Wood River sculpin
7504231c-be87-4a04-a163-5e6abdca492e,"151171	Noturus	albater	EtOH - 1	N America	USA	Missouri	Taney	USA, Missouri, Taney	36.684449	-93.126758	GVHM40-80	1940-08-04	Holotype	Ictaluridae	Ozark madtom	","[{AttachmentID:1282,AttachmentLocation:""sp65149502044753622854.att.jpg"",Title:""UMMZ 151171 N-albater1""}, {AttachmentID:1283,AttachmentLocation:""sp67547813855766627361.att.jpg"",Title:""UMMZ 151171 N-albater4""}, {AttachmentID:1595,AttachmentLocation:""sp65367259066180582584.att.jpg"",Title:""UMMZ 151171""}]",36.684449 -93.126758,151171,Noturus,albater,EtOH - 1,N America,USA,Missouri,Taney,"USA, Missouri, Taney",,36.684449,-93.126758,GVHM40-80,1940-08-04,Holotype,Ictaluridae,Ozark madtom
9b2236bd-d0c1-4a36-a8dd-b3f40c8d091a,"151322	Noturus	flavater	EtOH - 1	N America	USA	Missouri	Barry	USA, Missouri, Barry	36.76943	-93.676163	GVHM40-87	1940-08-06	Holotype *	Ictaluridae	Checkered madtom	","[{AttachmentID:1284,AttachmentLocation:""sp66570536241501135349.att.jpg"",Title:""UMMZ 151322 N. flavater1""}, {AttachmentID:1285,AttachmentLocation:""sp68676690633172412324.att.jpg"",Title:""UMMZ 151322 N-flavater3""}, {AttachmentID:1596,AttachmentLocation:""sp64538890744812049415.att.jpg"",Title:""UMMZ 151322""}]",36.76943 -93.676163,151322,Noturus,flavater,EtOH - 1,N America,USA,Missouri,Barry,"USA, Missouri, Barry",,36.76943,-93.676163,GVHM40-87,1940-08-06,Holotype *,Ictaluridae,Checkered madtom
1fcabe52-f708-489b-b1dd-1d9e58e2ed3b,144664	Amphilophus	hogaboomorum	EtOH - 1	C America	Honduras	Honduras	13.307403	-87.234778	Z144664	1946-04-13	Cichlidae	,"[{AttachmentID:1510,AttachmentLocation:""sp64131871916723749454.att.jpg"",Title:""Cichlasoma_hogaboomorum_UMMZ144664_78mmSl""}]",13.307403 -87.234778,144664,Amphilophus,hogaboomorum,EtOH - 1,C America,Honduras,,,Honduras,,13.307403,-87.234778,Z144664,1946-04-13,,Cichlidae,
f29f79c4-c857-4c68-9763-3cd88066a0ae,"144696	Percina	notogramma	EtOH - 1	N America	USA	Virginia	Rockbridge	USA, Virginia, Rockbridge	37.786147	-79.353283	Z144696	1941-05-17	Holotype **	Percidae	Stripeback darter	","[{AttachmentID:1448,AttachmentLocation:""sp67806464697694484098.att.jpg"",Title:""Hadropterus_notogrammus_UMMZ144696_67mmSL""}]",37.786147 -79.353283,144696,Percina,notogramma,EtOH - 1,N America,USA,Virginia,Rockbridge,"USA, Virginia, Rockbridge",,37.786147,-79.353283,Z144696,1941-05-17,Holotype **,Percidae,Stripeback darter
fb910048-3758-4db0-95bd-5cacea4f87bd,"152359	Erimystax	x-punctatus	EtOH - 1	N America	USA	Missouri	Pulaski	USA, Missouri, Pulaski	37.749993	-92.393697	GVHM40-136	1940-08-28	Holotype	Cyprinidae	","[{AttachmentID:1074,AttachmentLocation:""sp68571920694428179959.att.jpg"",Title:""Hybopsis_x-punctata_x-punctata_UMMZ152359_67.7mmSL""}]",37.749993 -92.393697,152359,Erimystax,x-punctatus,EtOH - 1,N America,USA,Missouri,Pulaski,"USA, Missouri, Pulaski",,37.749993,-92.393697,GVHM40-136,1940-08-28,Holotype,Cyprinidae,
7ed0aae4-c619-47f5-82cd-88c42dcabec5,"153218	Etheostoma	microperca	EtOH - 1	N America	USA	Missouri	Mississippi	USA, Missouri, Mississippi	36.768746	-89.332182	GVHM40-182	1940-09-23	Percidae	Least darter	",,36.768746 -89.332182,153218,Etheostoma,microperca,EtOH - 1,N America,USA,Missouri,Mississippi,"USA, Missouri, Mississippi",,36.768746,-89.332182,GVHM40-182,1940-09-23,,Percidae,Least darter
8b51545c-6151-4797-9881-f846eb4685f8,"153363	Moxostoma	aureolum	EtOH - 1	N America	USA	Missouri	Jasper	USA, Missouri, Jasper	37.351431	-94.298332	GVHM40-112	1940-08-15	Holotype *	Catostomidae	","[{AttachmentID:1008,AttachmentLocation:""sp6363991385643495880.att.jpg"",Title:""Moxostoma_aureolum_pisolabrum_UMMZ153363_231mmSL""}]",37.351431 -94.298332,153363,Moxostoma,aureolum,EtOH - 1,N America,USA,Missouri,Jasper,"USA, Missouri, Jasper",,37.351431,-94.298332,GVHM40-112,1940-08-15,Holotype *,Catostomidae,
de73fb7d-dedb-46cf-b2fa-59102fd75b95,143565	Gambusia	luma	EtOH - 1	C America	Guatemala	Guatemala	CLHM35-138	1935-05-03	Holotype	Poeciliidae	Sleek mosquitofish	,"[{AttachmentID:1365,AttachmentLocation:""sp68553708586787111761.att.jpg"",Title:""Gambusia_luma_UMMZ143565_32mmSL""}]",,143565,Gambusia,luma,EtOH - 1,C America,Guatemala,,,Guatemala,,,,CLHM35-138,1935-05-03,Holotype,Poeciliidae,Sleek mosquitofish
ca7bf7da-b1a6-47d8-9a9c-f1a7dab4109b,"230830	Gymnotus	maculosus	EtOH - 1	C America	Guatemala	Escuintla-Santa Rosa	Guatemala, Escuintla-Santa Rosa	14.0666670	-90.6222220	B&R71-41	1971-03-27	Holotype	Gymnotidae	Spotted knifefish	","[{AttachmentID:998,AttachmentLocation:""sp67334386338929840579.att.jpg"",Title:""Gymnotus_maculosus_UMMZ230830_191mmTL""}]",14.0666670 -90.6222220,230830,Gymnotus,maculosus,EtOH - 1,C America,Guatemala,Escuintla-Santa Rosa,,"Guatemala, Escuintla-Santa Rosa",,14.0666670,-90.6222220,B&R71-41,1971-03-27,Holotype,Gymnotidae,Spotted knifefish
f0777fc1-fa26-40a7-b42f-78b97da8f9c5,"232203	Amblyrhynchichthys	micracanthus	EtOH - 1	Asia	Cambodia	Kandal	Cambodia, Kandal	11.7333330	104.8333330	WJR95-02	1995-01-16	Holotype	Cyprinidae	","[{AttachmentID:1025,AttachmentLocation:""sp62497739141569204719.att.jpg"",Title:""Amblyrhynchichthys_micracanthus_UMMZ232203_100.2mmSL_DSC_2781""}]",11.7333330 104.8333330,232203,Amblyrhynchichthys,micracanthus,EtOH - 1,Asia,Cambodia,Kandal,,"Cambodia, Kandal",,11.7333330,104.8333330,WJR95-02,1995-01-16,Holotype,Cyprinidae,
80dd0020-3bf7-41a9-871d-dec0f5c599ef,232320	Wallago	micropogon	EtOH - 1	Asia	Cambodia	Cambodia	13.5000000	105.9666670	WJR95-07	1995-01-26	Holotype	Siluridae	,"[{AttachmentID:1243,AttachmentLocation:""sp61452050301808813721.att.jpg"",Title:""UMMZ 232320 (d)""}, {AttachmentID:1244,AttachmentLocation:""sp63999842988794562771.att.jpg"",Title:""UMMZ 232320 (l)""}, {AttachmentID:1245,AttachmentLocation:""sp64038481716581904175.att.jpg"",Title:""UMMZ 232320 (v)""}]",13.5000000 105.9666670,232320,Wallago,micropogon,EtOH - 1,Asia,Cambodia,,,Cambodia,,13.5000000,105.9666670,WJR95-07,1995-01-26,Holotype,Siluridae,
b5f21559-abe8-407c-a215-664266931105,"232611	Hemibagrus	spilopterus	EtOH - 1	Asia	Cambodia	unknown	Kandal	Cambodia, unknown, Kandal	10.9500000	105.1000000	WJR95-30	1995-02-20	Holotype	Bagridae	","[{AttachmentID:1246,AttachmentLocation:""sp66770891078996424655.att.jpg"",Title:""UMMZ 232611 (d)""}, {AttachmentID:1247,AttachmentLocation:""sp61296850728275815187.att.jpg"",Title:""UMMZ 232611 (l)""}, {AttachmentID:1248,AttachmentLocation:""sp6885725487756225273.att.jpg"",Title:""UMMZ 232611 (v)""}]",10.9500000 105.1000000,232611,Hemibagrus,spilopterus,EtOH - 1,Asia,Cambodia,unknown,Kandal,"Cambodia, unknown, Kandal",,10.9500000,105.1000000,WJR95-30,1995-02-20,Holotype,Bagridae,
eaf2f61b-3639-4728-9322-c18050d7e6df,"232679	Ompok	pinnatus	EtOH - 1	Asia	Cambodia	unknown	Kompong Chhnang	Cambodia, unknown, Kompong Chhnang	12.2666670	104.7833330	WJR95-34	1995-02-27	Holotype	Siluridae	Long-fin glass catfish	","[{AttachmentID:1249,AttachmentLocation:""sp65364177121669979360.att.jpg"",Title:""UMMZ 232679 (d)""}, {AttachmentID:1250,AttachmentLocation:""sp62513608951756121608.att.jpg"",Title:""UMMZ 232679 (l)""}, {AttachmentID:1251,AttachmentLocation:""sp6773737482749435345.att.jpg"",Title:""UMMZ 232679 (v)""}]",12.2666670 104.7833330,232679,Ompok,pinnatus,EtOH - 1,Asia,Cambodia,unknown,Kompong Chhnang,"Cambodia, unknown, Kompong Chhnang",,12.2666670,104.7833330,WJR95-34,1995-02-27,Holotype,Siluridae,Long-fin glass catfish
c9b4de6e-9583-4252-abec-499344c519b7,"160277	Notropis	amnis	EtOH - 7	N America	USA	Texas	Anderson	USA, Texas, Anderson	Z160277	1891-11-23	Paralectotype*	Cyprinidae	","[{AttachmentID:1095,AttachmentLocation:""sp61034538073225800882.att.jpg"",Title:""Notropis_amnis_UMMZ160277_43mmSL""}, {AttachmentID:1096,AttachmentLocation:""sp64935244769577813249.att.jpg"",Title:""Notropis_amnis_UMMZ160277_45mmSL""}]",,160277,Notropis,amnis,EtOH - 7,N America,USA,Texas,Anderson,"USA, Texas, Anderson",,,,Z160277,1891-11-23,Paralectotype*,Cyprinidae,
729ad42d-8f9c-4aac-81ac-728a9c4614cc,"160557	Notropis	cummingsae	EtOH - 1	N America	USA	North Carolina	Burke	USA, North Carolina, Burke	35.846128	-81.772796	Z160557	1946-09-06	Holotype *	Cyprinidae	","[{AttachmentID:1092,AttachmentLocation:""sp67886225804939310444.att.jpg"",Title:""UMMZ160557_Notropis_cummingsae_collis_HOLOTYPE_DSC_0412""}]",35.846128 -81.772796,160557,Notropis,cummingsae,EtOH - 1,N America,USA,North Carolina,Burke,"USA, North Carolina, Burke",,35.846128,-81.772796,Z160557,1946-09-06,Holotype *,Cyprinidae,
d2bcfd31-b8eb-408f-8434-0b7364070183,"160558	Notropis	cummingsae	EtOH - 2	N America	USA	North Carolina	Burke	USA, North Carolina, Burke	35.846128	-81.772796	Z160558	1946-09-06	Paratypes *	Cyprinidae	Dusky shiner	","[{AttachmentID:1592,AttachmentLocation:""sp64519674549523696247.att.jpg"",Title:""UMMZ160558_Notropis_cummingsae_collis_PARATYPE_Larger_DSC_0429""}, {AttachmentID:1593,AttachmentLocation:""sp63756382699349110276.att.jpg"",Title:""UMMZ160558_Notropis_cummingsae_collis_PARATYPE_Smaller_DSC_0432""}, {AttachmentID:1626,AttachmentLocation:""sp6315759401335418651.att.jpg"",Title:""UMMZ160558_Notropis_cummingsae_collis_PARATYPE_Larger_DSC_0430""}, {AttachmentID:1627,AttachmentLocation:""sp61392915251701279260.att.jpg"",Title:""UMMZ160558_Notropis_cummingsae_collis_PARATYPE_Larger_DSC_0431""}, {AttachmentID:1628,AttachmentLocation:""sp63905098299340686838.att.jpg"",Title:""UMMZ160558_Notropis_cummingsae_collis_PARATYPE_Smaller_DSC_0438""}]",35.846128 -81.772796,160558,Notropis,cummingsae,EtOH - 2,N America,USA,North Carolina,Burke,"USA, North Carolina, Burke",,35.846128,-81.772796,Z160558,1946-09-06,Paratypes *,Cyprinidae,Dusky shiner
f514d8de-c7cc-4631-854b-201a15be49bf,160733	Occa	kuronumoi	EtOH - 1	Asia	Japan	Japan	37.950968	139.058287	CLH29-255	1929-08-18	Holotype	Agonidae	,"[{AttachmentID:1552,AttachmentLocation:""sp62223100878996002576.att.jpg"",Title:""Occa_kuronumai_UMMZ160733_160mmSL""}]",37.950968 139.058287,160733,Occa,kuronumoi,EtOH - 1,Asia,Japan,,,Japan,,37.950968,139.058287,CLH29-255,1929-08-18,Holotype,Agonidae,
c35c0ec6-de1f-4898-b52e-f3f5a00c4dae,231973	Apristurus	macrorhynchus	EtOH - 8	Pacific	Taiwan	Taiwan	24.941196	121.900764	G*N94-4	1994-01-24	Scyliorhinidae	Flathead catshark	,"[{AttachmentID:921,AttachmentLocation:""sp6504076222338425537.att.JPG"",Title:""231973.JPG""}]",24.941196 121.900764,231973,Apristurus,macrorhynchus,EtOH - 8,Pacific,Taiwan,,,Taiwan,,24.941196,121.900764,G*N94-4,1994-01-24,,Scyliorhinidae,Flathead catshark
8c0b45af-1301-429d-afe0-075f893c5109,"55055	Leptocottus	armatus	EtOH - 1	N America	USA	California	Ventura	USA, California, Ventura	34.276412	-119.308649	Z55055	1916-06-27	Holotype	Cottidae	","[{AttachmentID:1546,AttachmentLocation:""sp674081880179229624.att.jpg"",Title:""Leptocottus_armatus_australis_UMMZ55055_87mmSL_lateral""}, {AttachmentID:1547,AttachmentLocation:""sp64505292478480559628.att.jpg"",Title:""Leptocottus_armatus_australis_UMMZ55055_87mmSL_dorsal""}]",34.276412 -119.308649,55055,Leptocottus,armatus,EtOH - 1,N America,USA,California,Ventura,"USA, California, Ventura",,34.276412,-119.308649,Z55055,1916-06-27,Holotype,Cottidae,
5f6d7955-29bd-44b6-9397-229d9666ea30,"56282	Couesius	plumbeus	EtOH - 1	N America	USA	Montana	USA, Montana	48.170127	-104.038042	Z56282	Syntype *	Cyprinidae	Lake chub	","[{AttachmentID:1080,AttachmentLocation:""sp6160170690239620627.att.jpg"",Title:""Leucosomus_dissimilis_UMMZ56282_78mmSL""}]",48.170127 -104.038042,56282,Couesius,plumbeus,EtOH - 1,N America,USA,Montana,,"USA, Montana",,48.170127,-104.038042,Z56282,,Syntype *,Cyprinidae,Lake chub
f2d11cba-f414-4ae5-8a71-5475221d2ebd,"56285	Hybognathus	regius	EtOH - 1	N America	USA	District of Columbia	USA, District of Columbia	38.876828	-77.042592	Z56285	Syntype	Cyprinidae	Eastern silvery minnow	","[{AttachmentID:1066,AttachmentLocation:""sp64115236408856581605.att.jpg"",Title:""Hybognathus_regius_UMMZ56285_94mmSL""}]",38.876828 -77.042592,56285,Hybognathus,regius,EtOH - 1,N America,USA,District of Columbia,,"USA, District of Columbia",,38.876828,-77.042592,Z56285,,Syntype,Cyprinidae,Eastern silvery minnow
6056e2c6-5d57-464d-8afc-a393306f17ae,"56287	Cyprinella	lutrensis	EtOH - 1	N America	USA	Texas	USA, Texas	Z56287	Syntype *	Cyprinidae	Red shiner	","[{AttachmentID:1085,AttachmentLocation:""sp68795228418550857607.att.jpg"",Title:""Moniana_frigida_UMMZ56287_58mmSL""}]",,56287,Cyprinella,lutrensis,EtOH - 1,N America,USA,Texas,,"USA, Texas",,,,Z56287,,Syntype *,Cyprinidae,Red shiner
7fef3da6-4f0a-4781-8883-35192085d8be,"56288	Alburnus	amabilis	EtOH - 1	N America	USA	Texas	USA, Texas	Z56288	Syntype	Cyprinidae	","[{AttachmentID:1016,AttachmentLocation:""sp65898388137018883798.att.jpg"",Title:""Alburnus_acutus_UMMZ86896_75mmSL""}]",,56288,Alburnus,amabilis,EtOH - 1,N America,USA,Texas,,"USA, Texas",,,,Z56288,,Syntype,Cyprinidae,
4f02937d-0055-4aaf-a045-811db6d8b5ce,"56291	Dionda	episcopa	EtOH - 1	N America	USA	Texas	USA, Texas	Z56291	Syntype	Cyprinidae	Roundnose minnow	","[{AttachmentID:1050,AttachmentLocation:""sp67292044965805346108.att.jpg"",Title:""Dionda_episcopa_UMMZ56291_56mmSL""}]",,56291,Dionda,episcopa,EtOH - 1,N America,USA,Texas,,"USA, Texas",,,,Z56291,,Syntype,Cyprinidae,Roundnose minnow
e233d96b-2af9-450f-ba25-47383599bf6f,"118063	Hippocampus	ingens	EtOH - 1	N America	USA	California	USA, California	32.77591	-117.413791	Z118063	Cotype	Syngnathidae	Pacific seahorse	","[{AttachmentID:1560,AttachmentLocation:""sp68540131734616372471.att.jpg"",Title:""Hippocampus_ingens_UMMZ118063_150mmSL_head""}, {AttachmentID:1561,AttachmentLocation:""sp68234847045957712891.att.jpg"",Title:""Hippocampus_ingens_UMMZ118063_150mmSL_lateral""}]",32.77591 -117.413791,118063,Hippocampus,ingens,EtOH - 1,N America,USA,California,,"USA, California",,32.77591,-117.413791,Z118063,,Cotype,Syngnathidae,Pacific seahorse
ea1253b8-b060-429b-aafb-6dd631b93750,"132898	Percina	nasuta	EtOH - 1	N America	USA	Arkansas	Searcy	USA, Arkansas, Searcy	35.816516	-92.549631	RMB40-37	1940-08-17	Holotype **	Percidae	Longnose darter	","[{AttachmentID:1447,AttachmentLocation:""sp62328451736935436517.att.jpg"",Title:""Hadropterus_nasutus_UMMZ132898_65.5mmSL""}]",35.816516 -92.549631,132898,Percina,nasuta,EtOH - 1,N America,USA,Arkansas,Searcy,"USA, Arkansas, Searcy",,35.816516,-92.549631,RMB40-37,1940-08-17,Holotype **,Percidae,Longnose darter
e764df9d-da3e-4b89-ae9d-2f4bcfd0d355,"136152	Notropis	altipinnis	EtOH - 1	N America	USA	North Carolina	Craven	USA, North Carolina, Craven	35.074364	-77.174067	ECR41-956	1941-03-30	Holotype *	Cyprinidae	","[{AttachmentID:1088,AttachmentLocation:""sp68645736203113560093.att.jpg"",Title:""Notropis_altipinnis_neusensis_UMMZ136152_43.7mmSL_DSC_2712""}]",35.074364 -77.174067,136152,Notropis,altipinnis,EtOH - 1,N America,USA,North Carolina,Craven,"USA, North Carolina, Craven",,35.074364,-77.174067,ECR41-956,1941-03-30,Holotype *,Cyprinidae,
ad68958a-66db-41f2-b0e8-f4d14ab8e123,"55004	Gibbonsia	metzi	EtOH - 1715	N America	USA	California	USA, California	36.629473	-121.922084	Z55004	Holotype	Clinidae	Striped kelpfish	","[{AttachmentID:1584,AttachmentLocation:""sp64302530844965041191.att.jpg"",Title:""Gibbonsia_metzi_UMMZ55004_145mmSL""}]",36.629473 -121.922084,55004,Gibbonsia,metzi,EtOH - 1715,N America,USA,California,,"USA, California",,36.629473,-121.922084,Z55004,,Holotype,Clinidae,Striped kelpfish
44497f1f-fcb9-48dc-9e37-ebd7eeb25d11,"141868	Allartedius	corallinus	EtOH - 1	N America	USA	California	Monterey	USA, California, Monterey	36.526538	-121.939348	CLHO23-1355	1923-01-14	Holotype	Cottidae	","[{AttachmentID:1529,AttachmentLocation:""sp63257333125885691409.att.jpg"",Title:""Allartedius_corallinus_UMMZ141868_62mmSl_Dorsal""}, {AttachmentID:1530,AttachmentLocation:""sp61365461314021406599.att.jpg"",Title:""Allartedius_corallinus_UMMZ141868_62mmSl_lateral""}]",36.526538 -121.939348,141868,Allartedius,corallinus,EtOH - 1,N America,USA,California,Monterey,"USA, California, Monterey",,36.526538,-121.939348,CLHO23-1355,1923-01-14,Holotype,Cottidae,
7ddff5a9-7c52-44e3-965b-91df4eabb43f,"161366	Etheostoma	radiosum	EtOH - 1	N America	USA	Oklahoma	Johnston	USA, Oklahoma, Johnston	34.48723	-96.626649	Z161366	1949-04-04	Holotype *	Percidae	","[{AttachmentID:1468,AttachmentLocation:""sp61119690777583248311.att.jpg"",Title:""Poecilichthys_radiosus_cyanorum_UMMZ161366_67mmSL""}]",34.48723 -96.626649,161366,Etheostoma,radiosum,EtOH - 1,N America,USA,Oklahoma,Johnston,"USA, Oklahoma, Johnston",,34.48723,-96.626649,Z161366,1949-04-04,Holotype *,Percidae,
ea2cc695-7e7c-4157-a050-df76fe46281d,"161368	Etheostoma	radiosum	EtOH - 1	N America	USA	Oklahoma	Pontotoc	USA, Oklahoma, Pontotoc	34.650985	-96.59952	Z161368	1949-04-16	Holotype *	Percidae	","[{AttachmentID:1472,AttachmentLocation:""sp68412063511558119476.att.jpg"",Title:""Poecilichthys_radiosus_paludosus_UMMZ161368_48mmSL""}]",34.650985 -96.59952,161368,Etheostoma,radiosum,EtOH - 1,N America,USA,Oklahoma,Pontotoc,"USA, Oklahoma, Pontotoc",,34.650985,-96.59952,Z161368,1949-04-16,Holotype *,Percidae,
f8bf32ff-8bcb-4992-b46d-533c4283c7ab,"161969	Etheostoma	fusiforme	EtOH - 1	N America	USA	North Carolina	USA, North Carolina	34.687742	-78.601261	Z161969	1947-09-10	Holotype *	Percidae	","[{AttachmentID:1458,AttachmentLocation:""sp64521752858514431771.att.jpg"",Title:""Hololepis_thermophilus_oligoporus_UMMZ161969_26mmSL""}]",34.687742 -78.601261,161969,Etheostoma,fusiforme,EtOH - 1,N America,USA,North Carolina,,"USA, North Carolina",,34.687742,-78.601261,Z161969,1947-09-10,Holotype *,Percidae,
e02c7d0a-7f7e-44b1-92e9-43c9ae70b82d,"162045	Phanerodon	atripes	EtOH - 1	N America	USA	California	USA, California	Z162045	Syntype	Embiotocidae	Sharpnose surfperch	","[{AttachmentID:1499,AttachmentLocation:""sp62005883195737583184.att.jpg"",Title:""Phanerodon_atripes_UMMZ162045_184mmSL""}]",,162045,Phanerodon,atripes,EtOH - 1,N America,USA,California,,"USA, California",,,,Z162045,,Syntype,Embiotocidae,Sharpnose surfperch
79804984-a061-4935-9d5b-06bd6762c622,162264	Bassogigas	stelliferoides	EtOH - 2	N America	Mexico	Mexico	24.169237	-110.311021	Z162264	1889-03-16	Syntypes	Ophidiidae	,"[{AttachmentID:1581,AttachmentLocation:""sp62755693984861708516.att.jpg"",Title:""Bassogigas_stelliferoides_UMMZ162264_121mmSL""}, {AttachmentID:1582,AttachmentLocation:""sp67759527386329653454.att.jpg"",Title:""Bassogigas_stelliferoides_UMMZ162264_141mmSL""}]",24.169237 -110.311021,162264,Bassogigas,stelliferoides,EtOH - 2,N America,Mexico,,,Mexico,,24.169237,-110.311021,Z162264,1889-03-16,Syntypes,Ophidiidae,
1a75d29a-3ecc-4acd-b3c4-c2f50fa9f1db,"162377	Percina	sciera	EtOH - 1	N America	USA	Texas	Caldwell/Guadalupe	USA, Texas, Caldwell/Guadalupe	Z162377	1950-02-11	Holotype **	Percidae	","[{AttachmentID:1451,AttachmentLocation:""sp6271689439162263992.att.jpg"",Title:""Hadropterus_scierus_apristis_UMMZ162377_69mmSL""}]",,162377,Percina,sciera,EtOH - 1,N America,USA,Texas,Caldwell/Guadalupe,"USA, Texas, Caldwell/Guadalupe",,,,Z162377,1950-02-11,Holotype **,Percidae,
6a1c249d-01f3-4c64-8e91-9e7dc26c54a9,162460	Gobiesox	milleri	EtOH - 1	C America	Costa Rica	Costa Rica	9.990856	-84.985121	Z162460	Holotype	Gobiesocidae	,"[{AttachmentID:1575,AttachmentLocation:""sp62336363910909658924.att.jpg"",Title:""Gobiesox_milleri_UMMZ162460_32mmSL_dorsal""}, {AttachmentID:1576,AttachmentLocation:""sp66034767073763892728.att.jpg"",Title:""Gobiesox_milleri_UMMZ162460_32mmSL_lateral""}, {AttachmentID:1577,AttachmentLocation:""sp6235458088772981407.att.jpg"",Title:""Gobiesox_milleri_UMMZ162460_32mmSL_ventral""}]",9.990856 -84.985121,162460,Gobiesox,milleri,EtOH - 1,C America,Costa Rica,,,Costa Rica,,9.990856,-84.985121,Z162460,,Holotype,Gobiesocidae,
cd27ec82-3f1c-4c1d-b6b9-646ddecca183,"162610	Cyprinodon	tularosa	EtOH - 1	N America	USA	New Mexico	Otero	USA, New Mexico, Otero	33.288223	-106.309967	RRM50-2	1950-03-05	Holotype	Cyprinodontidae	White sands pupfish	","[{AttachmentID:1341,AttachmentLocation:""sp6429917447859555619.att.jpg"",Title:""Cyprinodon_tularosa_UMMZ162610_35mmSL""}]",33.288223 -106.309967,162610,Cyprinodon,tularosa,EtOH - 1,N America,USA,New Mexico,Otero,"USA, New Mexico, Otero",,33.288223,-106.309967,RRM50-2,1950-03-05,Holotype,Cyprinodontidae,White sands pupfish
a4cf4797-b2bb-4c32-9e5b-6b7fc9ca4c8d,"162629	Cyprinodon	pisteri	EtOH - 1	N America	Mexico	Chihuahua	Mexico, Chihuahua	31.7500000	-107.6666670	RRM50-8	1950-03-09	Holotype	Cyprinodontidae	Palomas pupfish	","[{AttachmentID:1337,AttachmentLocation:""sp64170545685158010959.att.jpg"",Title:""Cyprinodn_pisteri_UMMZ162629_42mmSL""}]",31.7500000 -107.6666670,162629,Cyprinodon,pisteri,EtOH - 1,N America,Mexico,Chihuahua,,"Mexico, Chihuahua",,31.7500000,-107.6666670,RRM50-8,1950-03-09,Holotype,Cyprinodontidae,Palomas pupfish
7aecc71a-5245-4a6f-bf6c-73f75dc4c966,"162661	Cyprinodon	macularius	EtOH - 1	N America	USA	Arizona	Pima	USA, Arizona, Pima	31.942841	-113.020618	RRM50-37	1950-04-14	Holotype	Cyprinodontidae	","[{AttachmentID:1326,AttachmentLocation:""sp67707653415797382173.att.jpg"",Title:""Cyprinodon_macularius_eremus_UMMZ162661_41 mm SL""}]",31.942841 -113.020618,162661,Cyprinodon,macularius,EtOH - 1,N America,USA,Arizona,Pima,"USA, Arizona, Pima",,31.942841,-113.020618,RRM50-37,1950-04-14,Holotype,Cyprinodontidae,
9f6069ea-dece-4878-b4e0-d3b5fb0177be,"162700	Cyprinodon	arcuatus	EtOH - 1	N America	USA	Arizona	Santa Cruz	USA, Arizona, Santa Cruz	31.627939	-110.709084	RRM50-60	1950-04-27	Holotype	Cyprinodontidae	Santa Cruz pupfish	","[{AttachmentID:1317,AttachmentLocation:""sp628353622043183184.att.jpg"",Title:""Cyprinodon_arcuatusUMMZ162700_39""}]",31.627939 -110.709084,162700,Cyprinodon,arcuatus,EtOH - 1,N America,USA,Arizona,Santa Cruz,"USA, Arizona, Santa Cruz",,31.627939,-110.709084,RRM50-60,1950-04-27,Holotype,Cyprinodontidae,Santa Cruz pupfish
04c49ceb-c4e9-47c6-865d-60ea44ae1d88,"162769	Oncorhynchus	apache	EtOH - 1	N America	USA	Arizona	Apache	USA, Arizona, Apache	33.860083	-109.730772	RRM50-91	1950-05-17	Holotype **	Salmonidae	Apache trout	","[{AttachmentID:948,AttachmentLocation:""sp61468773163316427829.att.jpg"",Title:""Salmo_apache_UMMZ162769_145mm_DSC_1710""}]",33.860083 -109.730772,162769,Oncorhynchus,apache,EtOH - 1,N America,USA,Arizona,Apache,"USA, Arizona, Apache",,33.860083,-109.730772,RRM50-91,1950-05-17,Holotype **,Salmonidae,Apache trout
2bc043b1-b174-4e25-89d9-26e21dcb6c0e,163094	Fundulus	persimilis	EtOH - 1	N America	Mexico	Mexico	21.5833330	-88.1333330	RPA52-397	1952-08-14	Holotype	Fundulidae	Yucatan killifish	,"[{AttachmentID:1350,AttachmentLocation:""sp67301444516547748818.att.jpg"",Title:""Fundulus_persimilis_UMMZ163094_75mmSL""}]",21.5833330 -88.1333330,163094,Fundulus,persimilis,EtOH - 1,N America,Mexico,,,Mexico,,21.5833330,-88.1333330,RPA52-397,1952-08-14,Holotype,Fundulidae,Yucatan killifish
5422959c-49d6-437f-94db-c0a139964aee,"167098	Gambusia	atzi	EtOH - 1	N America	Mexico	Veracruz	Mexico, Veracruz	17.5000000	-95.0000000	GAW48-12	1948-03-05	Holotype	Poeciliidae	","[{AttachmentID:1355,AttachmentLocation:""sp68744952778169136822.att.jpg"",Title:""Gambusia_atzi_UMMZ167098_23""}]",17.5000000 -95.0000000,167098,Gambusia,atzi,EtOH - 1,N America,Mexico,Veracruz,,"Mexico, Veracruz",,17.5000000,-95.0000000,GAW48-12,1948-03-05,Holotype,Poeciliidae,
e1a3326a-f261-4212-84f8-a7d5bf30cdac,164919	Fundulus	letourneuxi	EtOH - 3	Europe	Greece	Greece	39.620926	19.927103	Z164919	Syntypes	Fundulidae	,"[{AttachmentID:1404,AttachmentLocation:""sp6149064822961805391.att.jpg"",Title:""Valencia_letourneuxi_UMMZ164919_52mmSL""}, {AttachmentID:1405,AttachmentLocation:""sp65236639094698619359.att.jpg"",Title:""Valencia_letourneuxi_UMMZ164919_42mmSL""}]",39.620926 19.927103,164919,Fundulus,letourneuxi,EtOH - 3,Europe,Greece,,,Greece,,39.620926,19.927103,Z164919,,Syntypes,Fundulidae,
7a608532-1985-4293-b8c9-4f0ee7d20be5,"165843	Noturus	stigmosus	EtOH - 1	N America	USA	Michigan	Washtenaw	USA, Michigan, Washtenaw	42.38477	-83.914952	WRT51-5	1951-09-03	Holotype	Ictaluridae	Northern madtom	","[{AttachmentID:1288,AttachmentLocation:""sp62098700043186796372.att.jpg"",Title:""UMMZ 165843 N. stigmosus4""}, {AttachmentID:1289,AttachmentLocation:""sp62204134674935672542.att.jpg"",Title:""UMMZ 165843 N-stigmosus1""}, {AttachmentID:1598,AttachmentLocation:""sp67826971977692002272.att.jpg"",Title:""UMMZ 165843""}]",42.38477 -83.914952,165843,Noturus,stigmosus,EtOH - 1,N America,USA,Michigan,Washtenaw,"USA, Michigan, Washtenaw",,42.38477,-83.914952,WRT51-5,1951-09-03,Holotype,Ictaluridae,Northern madtom
4c7b4b1f-fde1-4e43-af8a-3d4ecf1f82cd,"167120	Percina	pantherina	EtOH - 1	N America	USA	Oklahoma	Pushmataha	USA, Oklahoma, Pushmataha	34.409366	-95.166442	Z167120	1951-03-25	Holotype **	Percidae	Leopard darter	","[{AttachmentID:1450,AttachmentLocation:""sp66247785551010044451.att.jpg"",Title:""Hadropterus_pantherinus_UMMZ167120_63mmSL""}]",34.409366 -95.166442,167120,Percina,pantherina,EtOH - 1,N America,USA,Oklahoma,Pushmataha,"USA, Oklahoma, Pushmataha",,34.409366,-95.166442,Z167120,1951-03-25,Holotype **,Percidae,Leopard darter
2d20b518-de7d-463d-a374-1bac7e697f34,"174815	Notropis	semperasper	EtOH - 1	N America	USA	Virginia	Alleghany	USA, Virginia, Alleghany	37.751465	-79.99656	CRG56-13	1956-06-14	Holotype	Cyprinidae	Roughhead shiner	","[{AttachmentID:1109,AttachmentLocation:""sp62356375610477060193.att.jpg"",Title:""Notropis_semperasper_UMMZ174815_59mmSL_DSC_2800""}]",37.751465 -79.99656,174815,Notropis,semperasper,EtOH - 1,N America,USA,Virginia,Alleghany,"USA, Virginia, Alleghany",,37.751465,-79.99656,CRG56-13,1956-06-14,Holotype,Cyprinidae,Roughhead shiner
122826c6-d42c-4d7f-a80b-af3e84b3d799,"177301	Xiphophorus	pygmaeus	EtOH - 1	N America	Mexico	San Luis Potosi	Mexico, San Luis Potosi	22.0833330	-98.9666670	Z177301	1957-01-19	Holotype	Poeciliidae	","[{AttachmentID:1416,AttachmentLocation:""sp61093054078115920078.att.jpg"",Title:""Xiphophorus_pygmaeus_nigreusis_UMMZ177301_30mmSL""}]",22.0833330 -98.9666670,177301,Xiphophorus,pygmaeus,EtOH - 1,N America,Mexico,San Luis Potosi,,"Mexico, San Luis Potosi",,22.0833330,-98.9666670,Z177301,1957-01-19,Holotype,Poeciliidae,
9f3d99fe-404a-486c-b48a-9c74d868e795,"177302	Xiphophorus	montezumae	EtOH - 1	N America	Mexico	San Luis Potosi	Mexico, San Luis Potosi	21.4166670	-98.8333330	Z177302	1939-04-14	Holotype	Poeciliidae	","[{AttachmentID:1415,AttachmentLocation:""sp61402255773645698794.att.jpg"",Title:""Xiphophorus_montezumae_cortezi_UMMZ177302""}]",21.4166670 -98.8333330,177302,Xiphophorus,montezumae,EtOH - 1,N America,Mexico,San Luis Potosi,,"Mexico, San Luis Potosi",,21.4166670,-98.8333330,Z177302,1939-04-14,Holotype,Poeciliidae,
2e9faa18-e22f-4fec-8662-c228b2fd3bd5,"177306	Xiphophorus	variatus	EtOH - 1	N America	Mexico	Puebla	Mexico, Puebla	20.3000000	-97.8666670	G&A39-54	1939-04-06	Holotype	Poeciliidae	","[{AttachmentID:1419,AttachmentLocation:""sp62497681138239011833.att.jpg"",Title:""Xiphophorus_variatus_evelynae_UMMZ177306_31mmSL""}]",20.3000000 -97.8666670,177306,Xiphophorus,variatus,EtOH - 1,N America,Mexico,Puebla,,"Mexico, Puebla",,20.3000000,-97.8666670,G&A39-54,1939-04-06,Holotype,Poeciliidae,
1b77f6d8-8451-4020-8e72-1fc3137a27e3,"177308	Xiphophorus	milleri	EtOH - 1	N America	Mexico	Veracruz	Mexico, Veracruz	18.4666670	-95.1666670	RRM57-58	1957-03-29	Holotype	Poeciliidae	Catemaco platyfish	","[{AttachmentID:1414,AttachmentLocation:""sp67786680264710077412.att.jpg"",Title:""Xiphophorus_milleri_UMMZ177308_23mmSL""}]",18.4666670 -95.1666670,177308,Xiphophorus,milleri,EtOH - 1,N America,Mexico,Veracruz,,"Mexico, Veracruz",,18.4666670,-95.1666670,RRM57-58,1957-03-29,Holotype,Poeciliidae,Catemaco platyfish
dd3addd3-dbfd-44a0-85d4-d6b130f437e2,"177314	Gobiesox	fluviatilis	EtOH - 1	N America	Mexico	Jalisco	Mexico, Jalisco	21.1666670	-104.1666670	RRM57-15	1957-02-27	Holotype	Gobiesocidae	Mountain clingfish	","[{AttachmentID:1569,AttachmentLocation:""sp65745946690333456045.att.jpg"",Title:""Gobiesox_fluviatilis_UMMZ177314_50mmSL_dorsal""}, {AttachmentID:1570,AttachmentLocation:""sp65136802734157217763.att.jpg"",Title:""Gobiesox_fluviatilis_UMMZ177314_50mmSL_lateral""}, {AttachmentID:1571,AttachmentLocation:""sp67846871480448974795.att.jpg"",Title:""Gobiesox_fluviatilis_UMMZ177314_50mmSL_ventral""}]",21.1666670 -104.1666670,177314,Gobiesox,fluviatilis,EtOH - 1,N America,Mexico,Jalisco,,"Mexico, Jalisco",,21.1666670,-104.1666670,RRM57-15,1957-02-27,Holotype,Gobiesocidae,Mountain clingfish
de621827-5fa0-4034-a365-21323465386e,"177318	Gobiesox	mexicanus	EtOH - 1	N America	Mexico	Guerrero	Mexico, Guerrero	17.3666670	-101.0833330	RRM57-46	1957-03-21	Holotype	Gobiesocidae	Mexican clingfish	","[{AttachmentID:1572,AttachmentLocation:""sp6597227850819769383.att.jpg"",Title:""Gobiesox_mexicanus_UMMZ177318_65.1mmSL_dorsal""}, {AttachmentID:1573,AttachmentLocation:""sp67905188648791239474.att.jpg"",Title:""Gobiesox_mexicanus_UMMZ177318_65.1mmSL_lateral""}, {AttachmentID:1574,AttachmentLocation:""sp61788345012044433252.att.jpg"",Title:""Gobiesox_mexicanus_UMMZ177318_65.1mmSL_ventral""}]",17.3666670 -101.0833330,177318,Gobiesox,mexicanus,EtOH - 1,N America,Mexico,Guerrero,,"Mexico, Guerrero",,17.3666670,-101.0833330,RRM57-46,1957-03-21,Holotype,Gobiesocidae,Mexican clingfish
