[
{"colname":"spid", "solrname":"spid", "solrtype":"int"},
{"colname":"1_catalogNumber", "solrname":"catalogNumber", "solrtype":"pint", "title":"catalogNumber", "type":"java.lang.String", "width":32, "sptable":"collectionobject", "sptabletitle":"Collection Object", "spfld":"catalogNumber", "spfldtitle":"catalogNumber", "colidx":0, "linkify":"false", "advancedsearch":"true", "displaycolidx":0},
{"colname":"4_Genus", "solrname":"Genus", "solrtype":"string", "title":"Genus", "type":"java.lang.String", "width":64, "sptable":"taxon", "sptabletitle":"Taxon", "spfld":"Genus", "spfldtitle":"Genus", "treeid":"taxon", "treerank":180, "colidx":1, "linkify":"true", "advancedsearch":"true", "displaycolidx":1},
{"colname":"4_Species", "solrname":"Species", "solrtype":"string", "title":"Species", "type":"java.lang.String", "width":64, "sptable":"taxon", "sptabletitle":"Taxon", "spfld":"Species", "spfldtitle":"Species", "treeid":"taxon", "treerank":220, "colidx":2, "linkify":"true", "advancedsearch":"true", "displaycolidx":2},
{"colname":"63_preparations", "solrname":"preparations", "solrtype":"string", "title":"preparations", "type":"java.lang.String", "width":500, "sptable":"preparation", "sptabletitle":"Preparation", "spfld":"preparations", "spfldtitle":"preparations", "colidx":3, "linkify":"true", "advancedsearch":"true", "displaycolidx":3},
{"colname":"3_Continent", "solrname":"Continent", "solrtype":"string", "title":"Continent", "type":"java.lang.String", "width":128, "sptable":"geography", "sptabletitle":"Geography", "spfld":"Continent", "spfldtitle":"Continent", "treeid":"geography", "treerank":100, "colidx":4, "linkify":"true", "advancedsearch":"true", "displaycolidx":4},
{"colname":"3_Country", "solrname":"Country", "solrtype":"string", "title":"Country", "type":"java.lang.String", "width":128, "sptable":"geography", "sptabletitle":"Geography", "spfld":"Country", "spfldtitle":"Country", "treeid":"geography", "treerank":200, "colidx":5, "linkify":"true", "advancedsearch":"true", "displaycolidx":5},
{"colname":"3_State", "solrname":"State", "solrtype":"string", "title":"State", "type":"java.lang.String", "width":128, "sptable":"geography", "sptabletitle":"Geography", "spfld":"State", "spfldtitle":"State", "treeid":"geography", "treerank":300, "colidx":6, "linkify":"true", "advancedsearch":"true", "displaycolidx":6},
{"colname":"3_County", "solrname":"County", "solrtype":"string", "title":"County", "type":"java.lang.String", "width":128, "sptable":"geography", "sptabletitle":"Geography", "spfld":"County", "spfldtitle":"County", "treeid":"geography", "treerank":400, "colidx":7, "linkify":"true", "advancedsearch":"true", "displaycolidx":7},
{"colname":"3_fullName", "solrname":"fullName", "solrtype":"string", "title":"fullName", "type":"java.lang.String", "width":500, "sptable":"geography", "sptabletitle":"Geography", "spfld":"fullName", "spfldtitle":"fullName", "colidx":8, "linkify":"true", "advancedsearch":"true", "displaycolidx":8},
{"colname":"124_drainage", "solrname":"drainage", "solrtype":"string", "title":"drainage", "type":"java.lang.String", "width":64, "sptable":"localitydetail", "sptabletitle":"Locality Detail", "spfld":"drainage", "spfldtitle":"drainage", "colidx":9, "linkify":"true", "advancedsearch":"true", "displaycolidx":9},
{"colname":"2_latitude1", "solrname":"latitude1", "solrtype":"pdouble", "title":"latitude1", "type":"java.math.BigDecimal", "width":-1, "sptable":"locality", "sptabletitle":"Locality", "spfld":"latitude1", "spfldtitle":"latitude1", "colidx":10, "linkify":"false", "advancedsearch":"true", "displaycolidx":10},
{"colname":"2_longitude1", "solrname":"longitude1", "solrtype":"pdouble", "title":"longitude1", "type":"java.math.BigDecimal", "width":-1, "sptable":"locality", "sptabletitle":"Locality", "spfld":"longitude1", "spfldtitle":"longitude1", "colidx":11, "linkify":"false", "advancedsearch":"true", "displaycolidx":11},
{"colname":"10_stationFieldNumber", "solrname":"stationFieldNumber", "solrtype":"string", "title":"stationFieldNumber", "type":"java.lang.String", "width":50, "sptable":"collectingevent", "sptabletitle":"Collecting Event", "spfld":"stationFieldNumber", "spfldtitle":"stationFieldNumber", "colidx":12, "linkify":"true", "advancedsearch":"true", "displaycolidx":12},
{"colname":"10_startDate", "solrname":"startDate", "solrtype":"string", "title":"startDate", "type":"java.util.Calendar", "width":-1, "sptable":"collectingevent", "sptabletitle":"Collecting Event", "spfld":"startDate", "spfldtitle":"startDate", "colidx":13, "linkify":"false", "advancedsearch":"true", "displaycolidx":13},
{"colname":"9_typeStatusName", "solrname":"typeStatusName", "solrtype":"string", "title":"typeStatusName", "type":"java.lang.String", "width":50, "sptable":"determination", "sptabletitle":"Determination", "spfld":"typeStatusName", "spfldtitle":"typeStatusName", "colidx":14, "linkify":"true", "advancedsearch":"true", "displaycolidx":14},
{"colname":"4_Family", "solrname":"Family", "solrtype":"string", "title":"Family", "type":"java.lang.String", "width":64, "sptable":"taxon", "sptabletitle":"Taxon", "spfld":"Family", "spfldtitle":"Family", "treeid":"taxon", "treerank":140, "colidx":15, "linkify":"true", "advancedsearch":"true", "displaycolidx":15},
{"colname":"4_commonName", "solrname":"commonName", "solrtype":"string", "title":"commonName", "type":"java.lang.String", "width":128, "sptable":"taxon", "sptabletitle":"Taxon", "spfld":"commonName", "spfldtitle":"commonName", "colidx":16, "linkify":"true", "advancedsearch":"true", "displaycolidx":16},
{"colname":"img", "solrname":"img", "solrtype":"string", "title":"image"}
]
